epoch_a_kyr,HIP,star_label,Vmag,evento,dettaglio
0.0,3179,Schedar,2.22524442,DIVENTA_CIRCUMPOLARE,
0.0,746,Caph,2.26503899,DIVENTA_CIRCUMPOLARE,
0.0,4427,Tiansi,2.30017946,DIVENTA_CIRCUMPOLARE,
0.0,6686,Ruchbah,2.67705586,DIVENTA_CIRCUMPOLARE,
0.0,113136,Skat,3.2738732,SALTO_STAGIONALE,g.14 <- g.358
0.0,8796,Mothallah,3.41970805,SALTO_STAGIONALE,g.8 <- g.360
0.0,3821,Achird,3.44339124,DIVENTA_CIRCUMPOLARE,
0.0,74666,Qigong,3.48848062,CESSA_CIRCUMPOLARE,
0.0,81833,HIP 81833,3.49392195,CESSA_CIRCUMPOLARE,
0.0,55219,Alula Borealis,3.5073263,CESSA_CIRCUMPOLARE,
0.0,20042,HIP 20042,3.54656154,SALTO_STAGIONALE,g.144 <- g.219
0.0,71053,Kalasungsang,3.58221033,CESSA_CIRCUMPOLARE,
0.0,13268,Miram,3.7670189,DIVENTA_CIRCUMPOLARE,
0.0,14354,HIP 14354,3.76867476,SALTO_STAGIONALE,g.12 <- g.366
0.0,14879,Dalim,3.80542963,SALTO_STAGIONALE,g.128 <- g.238
0.0,53229,Praecipua,3.81365334,CESSA_CIRCUMPOLARE,
0.0,95347,Rukbat,3.96405788,SALTO_STAGIONALE,g.329 <- g.297
-1.0,113368,Fomalhaut,1.16074927,SALTO_STAGIONALE,g.45 <- g.312
-1.0,9884,Hamal,2.0117297,SALTO_STAGIONALE,g.9 <- g.360
-1.0,76267,Alphecca,2.22052654,CESSA_CIRCUMPOLARE,
-1.0,72105,Izar,2.37956615,CESSA_CIRCUMPOLARE,
-1.0,8903,Sheratan,2.64570873,SALTO_STAGIONALE,g.12 <- g.362
-1.0,18532,Aldu,2.88797178,SALTO_STAGIONALE,g.12 <- g.365
-1.0,27628,Wazn,3.09402107,SALTO_STAGIONALE,g.156 <- g.187
-1.0,84380,Nuchuang,3.16451152,CESSA_CIRCUMPOLARE,
-1.0,8886,Segin,3.3683782,DIVENTA_CIRCUMPOLARE,
-1.0,109492,HIP 109492,3.40041958,DIVENTA_CIRCUMPOLARE,
-1.0,114341,Safina,3.6691851,SALTO_STAGIONALE,g.24 <- g.366
-1.0,75695,Nusakan,3.68148767,CESSA_CIRCUMPOLARE,
-1.0,28358,Bagu,3.71959128,DIVENTA_CIRCUMPOLARE,
-1.0,17529,HIP 17529,3.77743056,SALTO_STAGIONALE,g.2 <- g.357
-1.0,21393,Theemin,3.8124123,SALTO_STAGIONALE,g.141 <- g.209
-1.0,95241,Arkab Prior,3.91738129,SALTO_STAGIONALE,g.310 <- g.278
-1.0,107259,Garnet Star,4.53998463,DIVENTA_CIRCUMPOLARE,
-2.0,69673,Arcturus,-0.04363194,CESSA_CIRCUMPOLARE,
-2.0,28360,Menkalinan,1.90649248,SALTO_STAGIONALE,g.6 <- g.362
-2.0,26634,Phact,2.64845272,SALTO_STAGIONALE,g.152 <- g.197
-2.0,67927,Muphrid,2.68013129,CESSA_CIRCUMPOLARE,
-2.0,81693,Tianji,2.86431372,CESSA_CIRCUMPOLARE,
-2.0,23416,Almaaz,3.06002194,SALTO_STAGIONALE,g.5 <- g.360
-2.0,112724,HIP 112724,3.52201174,DIVENTA_CIRCUMPOLARE,
-2.0,8102,HIP 8102,3.53598164,SALTO_STAGIONALE,g.91 <- g.267
-2.0,1562,HIP 1562,3.55706669,SALTO_STAGIONALE,g.15 <- g.358
-2.0,13209,Bharani,3.61130762,SALTO_STAGIONALE,g.12 <- g.362
-2.0,7097,Alpherg,3.6168596,SALTO_STAGIONALE,g.2 <- g.350
-2.0,15474,HIP 15474,3.64806581,SALTO_STAGIONALE,g.119 <- g.240
-2.0,76952,Baltesha,3.83272192,CESSA_CIRCUMPOLARE,
-2.0,8832,HIP 8832,3.8801109,SALTO_STAGIONALE,g.5 <- g.354
-2.0,83207,Khepdenreret,3.91940345,CESSA_CIRCUMPOLARE,
-2.0,92862,HIP 92862,4.63262593,CESSA_CIRCUMPOLARE,
-3.0,91262,Vega,0.05308449,CESSA_CIRCUMPOLARE,
-3.0,3419,Diphda,2.03210438,SALTO_STAGIONALE,g.51 <- g.286
-3.0,80816,Kornephoros,2.78722739,CESSA_CIRCUMPOLARE,
-3.0,18246,HIP 18246,2.88913082,SALTO_STAGIONALE,g.9 <- g.359
-3.0,44127,Talitha,3.13031574,DIVENTA_CIRCUMPOLARE,
-3.0,84379,Sarin,3.14180238,CESSA_CIRCUMPOLARE,
-3.0,23767,Haedus,3.16886674,SALTO_STAGIONALE,g.4 <- g.357
-3.0,23685,Ping,3.17683073,SALTO_STAGIONALE,g.128 <- g.236
-3.0,86974,HIP 86974,3.43031868,CESSA_CIRCUMPOLARE,
-3.0,44471,Alkaphrah,3.57979059,DIVENTA_CIRCUMPOLARE,
-3.0,77233,Zhou,3.66219603,SALTO_STAGIONALE,g.159 <- g.128
-3.0,87933,HIP 87933,3.69940179,CESSA_CIRCUMPOLARE,
-3.0,23453,Saclateni,3.73979787,SALTO_STAGIONALE,g.7 <- g.360
-3.0,71795,HIP 71795,3.78313499,CESSA_CIRCUMPOLARE,
-3.0,80170,HIP 80170,3.80575042,CESSA_CIRCUMPOLARE,
-3.0,17448,Atik,3.83737912,SALTO_STAGIONALE,g.8 <- g.359
-3.0,78072,HIP 78072,3.83963366,CESSA_CIRCUMPOLARE,
-3.0,30277,HIP 30277,3.84613741,SALTO_STAGIONALE,g.152 <- g.201
-3.0,9598,Gang,3.967308,DIVENTA_CIRCUMPOLARE,
-4.0,113368,Fomalhaut,1.15554873,SALTO_STAGIONALE,g.312 <- g.281
-4.0,25985,Arneb,2.58144646,SALTO_STAGIONALE,g.120 <- g.223
-4.0,28380,Mahasim,2.64130197,SALTO_STAGIONALE,g.14 <- g.366
-4.0,23015,Hassaleh,2.69130928,SALTO_STAGIONALE,g.11 <- g.361
-4.0,35264,HIP 35264,2.70478672,SALTO_STAGIONALE,g.153 <- g.201
-4.0,25606,Nihal,2.83675732,SALTO_STAGIONALE,g.127 <- g.224
-4.0,97165,Fawaris,2.86566013,CESSA_CIRCUMPOLARE,
-4.0,17702,Alcyone (Pleiadi),2.87197778,SALTO_STAGIONALE,g.10 <- g.359
-4.0,18543,Zaurak,2.93599246,SALTO_STAGIONALE,g.109 <- g.255
-4.0,30122,Furud,3.01792353,SALTO_STAGIONALE,g.147 <- g.209
-4.0,50801,Tania Australis,3.16486212,DIVENTA_CIRCUMPOLARE,
-4.0,24305,Bade,3.18329656,SALTO_STAGIONALE,g.118 <- g.232
-4.0,41704,Muscida,3.36529062,DIVENTA_CIRCUMPOLARE,
-4.0,5364,HIP 5364,3.43691028,SALTO_STAGIONALE,g.17 <- g.354
-4.0,50372,Tania Borealis,3.4473595,DIVENTA_CIRCUMPOLARE,
-4.0,17378,Rana,3.53743733,SALTO_STAGIONALE,g.102 <- g.248
-4.0,6537,HIP 6537,3.59637854,SALTO_STAGIONALE,g.25 <- g.365
-4.0,27072,HIP 27072,3.60361084,SALTO_STAGIONALE,g.130 <- g.239
-4.0,17847,Atlas,3.61908261,SALTO_STAGIONALE,g.15 <- g.363
-4.0,16537,Ran,3.65669691,SALTO_STAGIONALE,g.98 <- g.275
-4.0,77233,Zhou,3.66223625,CESSA_CIRCUMPOLARE,
-4.0,17499,Electra,3.70346849,SALTO_STAGIONALE,g.13 <- g.362
-4.0,8645,Baten Kaitos,3.7234582,SALTO_STAGIONALE,g.63 <- g.303
-4.0,27654,HIP 27654,3.74151138,SALTO_STAGIONALE,g.126 <- g.231
-4.0,92420,Sheliak,3.80141298,CESSA_CIRCUMPOLARE,
-4.0,76276,HIP 76276,3.80597207,CESSA_CIRCUMPOLARE,
-4.0,53229,Praecipua,3.8090054,DIVENTA_CIRCUMPOLARE,
-4.0,9487,Alrescha,3.81583528,SALTO_STAGIONALE,g.16 <- g.359
-4.0,88794,HIP 88794,3.83567174,CESSA_CIRCUMPOLARE,
-4.0,17573,Maia,3.87333649,SALTO_STAGIONALE,g.14 <- g.362
-4.0,32759,HIP 32759,3.89909889,SALTO_STAGIONALE,g.149 <- g.212
-5.0,33579,Adhara,1.49858096,SALTO_STAGIONALE,g.138 <- g.203
-5.0,25428,Elnath,1.64655171,SALTO_STAGIONALE,g.11 <- g.361
-5.0,30324,Mirzam,1.97252912,SALTO_STAGIONALE,g.119 <- g.226
-5.0,86032,Rasalhague,2.06688794,CESSA_CIRCUMPOLARE,
-5.0,105199,Alderamin,2.46288704,DIVENTA_CIRCUMPOLARE,
-5.0,77070,Unukalhai,2.59811141,CESSA_CIRCUMPOLARE,
-5.0,46853,HIP 46853,3.1687547,DIVENTA_CIRCUMPOLARE,
-5.0,93194,Sulafat,3.24850861,CESSA_CIRCUMPOLARE,
-5.0,116727,Errai,3.25498871,DIVENTA_CIRCUMPOLARE,
-5.0,5364,HIP 5364,3.43623977,SALTO_STAGIONALE,g.354 <- g.323
-5.0,33856,Nganurganity,3.46312248,SALTO_STAGIONALE,g.139 <- g.225
-5.0,12706,Kaffaljidhma,3.471299,SALTO_STAGIONALE,g.22 <- g.365
-5.0,55219,Alula Borealis,3.50814315,DIVENTA_CIRCUMPOLARE,
-5.0,27288,Darlugal,3.53202847,SALTO_STAGIONALE,g.118 <- g.228
-5.0,84345,Rasalgethi,3.58457929,CESSA_CIRCUMPOLARE,
-5.0,6537,HIP 6537,3.59528137,SALTO_STAGIONALE,g.365 <- g.334
-5.0,37819,HIP 37819,3.60021691,SALTO_STAGIONALE,g.153 <- g.198
-5.0,46733,HIP 46733,3.70091819,DIVENTA_CIRCUMPOLARE,
-5.0,38414,HIP 38414,3.71064586,SALTO_STAGIONALE,g.158 <- g.195
-5.0,28103,HIP 28103,3.71496902,SALTO_STAGIONALE,g.118 <- g.233
-5.0,48319,HIP 48319,3.78532757,DIVENTA_CIRCUMPOLARE,
-5.0,99675,HIP 99675,3.80031285,CESSA_CIRCUMPOLARE,
-6.0,24436,Rigel,0.09860941,SALTO_STAGIONALE,g.99 <- g.241
-6.0,21421,Aldebaran,0.81951172,SALTO_STAGIONALE,g.8 <- g.355
-6.0,36850,Castor,1.59284861,SALTO_STAGIONALE,g.14 <- g.365
-6.0,34444,Wezen,1.82876263,SALTO_STAGIONALE,g.136 <- g.222
-6.0,27366,Saiph,2.06316361,SALTO_STAGIONALE,g.106 <- g.241
-6.0,39429,Naos,2.24727961,SALTO_STAGIONALE,g.155 <- g.193
-6.0,35904,Aludra,2.44680223,SALTO_STAGIONALE,g.140 <- g.216
-6.0,105199,Alderamin,2.46458492,CESSA_CIRCUMPOLARE,
-6.0,14135,Menkar,2.53200157,SALTO_STAGIONALE,g.7 <- g.348
-6.0,26241,Hatysa,2.76923712,SALTO_STAGIONALE,g.99 <- g.254
-6.0,23875,Cursa,2.78993707,SALTO_STAGIONALE,g.96 <- g.263
-6.0,54539,HIP 54539,3.0055752,DIVENTA_CIRCUMPOLARE,
-6.0,33977,HIP 33977,3.03116562,SALTO_STAGIONALE,g.133 <- g.216
-6.0,95947,Albireo,3.08382655,CESSA_CIRCUMPOLARE,
-6.0,20894,Chamukuy (Iadi),3.38465778,SALTO_STAGIONALE,g.20 <- g.366
-6.0,83000,HIP 83000,3.42707283,CESSA_CIRCUMPOLARE,
-6.0,18724,Bibing,3.44745636,SALTO_STAGIONALE,g.18 <- g.363
-6.0,20889,Ain,3.51946907,SALTO_STAGIONALE,g.10 <- g.356
-6.0,24674,HIP 24674,3.58785173,SALTO_STAGIONALE,g.104 <- g.247
-6.0,33018,HIP 33018,3.58897892,SALTO_STAGIONALE,g.11 <- g.361
-6.0,15900,HIP 15900,3.60763468,SALTO_STAGIONALE,g.10 <- g.352
-6.0,20205,Prima Hyadum,3.62111513,SALTO_STAGIONALE,g.18 <- g.363
-6.0,77622,HIP 77622,3.71599071,CESSA_CIRCUMPOLARE,
-6.0,16083,HIP 16083,3.72643827,SALTO_STAGIONALE,g.9 <- g.351
-6.0,20455,Secunda Hyadum,3.74290216,SALTO_STAGIONALE,g.14 <- g.359
-6.0,37229,HIP 37229,3.81512621,SALTO_STAGIONALE,g.134 <- g.219
-6.0,45688,HIP 45688,3.8182712,SALTO_STAGIONALE,g.10 <- g.364
-6.0,35037,HIP 35037,3.88854472,SALTO_STAGIONALE,g.139 <- g.230
-6.0,21444,HIP 21444,3.92873005,SALTO_STAGIONALE,g.93 <- g.269
-6.0,22109,HIP 22109,4.01036944,SALTO_STAGIONALE,g.94 <- g.275
-7.0,32349,Sirius,-1.37963443,SALTO_STAGIONALE,g.106 <- g.249
-7.0,37826,Pollux,1.15544341,SALTO_STAGIONALE,g.12 <- g.362
-7.0,102098,Deneb,1.24620777,CESSA_CIRCUMPOLARE,
-7.0,26311,Alnilam,1.69314569,SALTO_STAGIONALE,g.83 <- g.270
-7.0,26727,Alnitak (Cin.Orione),1.76435251,SALTO_STAGIONALE,g.86 <- g.275
-7.0,54061,Dubhe,1.80475545,DIVENTA_CIRCUMPOLARE,
-7.0,11767,Polaris,1.99262502,DIVENTA_CIRCUMPOLARE,
-7.0,100453,Sadr,2.20826683,CESSA_CIRCUMPOLARE,
-7.0,25930,Mintaka,2.24849325,SALTO_STAGIONALE,g.81 <- g.267
-7.0,53910,Merak,2.37425435,DIVENTA_CIRCUMPOLARE,
-7.0,86742,Cebalrai,2.7794441,CESSA_CIRCUMPOLARE,
-7.0,93747,Okab,3.00503936,CESSA_CIRCUMPOLARE,
-7.0,26451,Tianguan,3.01706875,SALTO_STAGIONALE,g.12 <- g.358
-7.0,45860,HIP 45860,3.13102182,SALTO_STAGIONALE,g.5 <- g.358
-7.0,38170,Azmidi,3.34287988,SALTO_STAGIONALE,g.130 <- g.217
-7.0,25281,HIP 25281,3.34937531,SALTO_STAGIONALE,g.93 <- g.269
-7.0,57399,Taiyangshou,3.71483203,DIVENTA_CIRCUMPOLARE,
-7.0,44511,HIP 44511,3.74374026,SALTO_STAGIONALE,g.156 <- g.196
-7.0,88771,HIP 88771,3.74628223,CESSA_CIRCUMPOLARE,
-7.0,30867,HIP 30867,3.75839544,SALTO_STAGIONALE,g.105 <- g.262
-7.0,80883,Marfik,3.82202963,CESSA_CIRCUMPOLARE,
-7.0,26549,HIP 26549,3.84818393,SALTO_STAGIONALE,g.96 <- g.280
-7.0,43023,HIP 43023,3.90095441,SALTO_STAGIONALE,g.161 <- g.194
-7.0,26551,HIP 26551,6.81200001,SALTO_STAGIONALE,g.107 <- g.286
-8.0,44816,Suhail,2.20153958,SALTO_STAGIONALE,g.148 <- g.196
-8.0,58001,Phecda,2.4439737,DIVENTA_CIRCUMPOLARE,
-8.0,102488,Aljanah,2.51113038,CESSA_CIRCUMPOLARE,
-8.0,67927,Muphrid,2.68052819,DIVENTA_CIRCUMPOLARE,
-8.0,39757,Tureis,2.74998773,SALTO_STAGIONALE,g.128 <- g.223
-8.0,30343,Tejat,2.8728364,SALTO_STAGIONALE,g.2 <- g.349
-8.0,32246,Mebsuta,2.99914299,SALTO_STAGIONALE,g.1 <- g.349
-8.0,59774,Megrez,3.32409567,DIVENTA_CIRCUMPOLARE,
-8.0,98337,HIP 98337,3.4912548,CESSA_CIRCUMPOLARE,
-8.0,37740,HIP 37740,3.56587898,SALTO_STAGIONALE,g.18 <- g.366
-8.0,29655,Propus,3.64642927,SALTO_STAGIONALE,g.4 <- g.351
-8.0,42828,HIP 42828,3.67760423,SALTO_STAGIONALE,g.138 <- g.216
-8.0,104060,HIP 104060,3.70124078,CESSA_CIRCUMPOLARE,
-8.0,22797,HIP 22797,3.70628729,SALTO_STAGIONALE,g.67 <- g.297
-8.0,87108,Bake-eo,3.75618639,CESSA_CIRCUMPOLARE,
-8.0,97365,HIP 97365,3.7796688,CESSA_CIRCUMPOLARE,
-8.0,36046,HIP 36046,3.78657125,SALTO_STAGIONALE,g.5 <- g.354
-8.0,56211,Giausar,3.84462238,DIVENTA_CIRCUMPOLARE,
-8.0,18907,HIP 18907,3.90610033,SALTO_STAGIONALE,g.5 <- g.341
-8.0,103413,HIP 103413,3.943872,CESSA_CIRCUMPOLARE,
-8.0,88192,HIP 88192,3.96014351,CESSA_CIRCUMPOLARE,
-9.0,97649,Altair,0.88707448,SALTO_STAGIONALE,g.144 <- g.111
-9.0,62956,Alioth,1.77199622,DIVENTA_CIRCUMPOLARE,
-9.0,31681,Alhena,1.93724785,SALTO_STAGIONALE,g.5 <- g.350
-9.0,97278,Tarazed,2.71819199,CESSA_CIRCUMPOLARE,
-9.0,63125,Cor Caroli,2.89281399,DIVENTA_CIRCUMPOLARE,
-9.0,47908,HIP 47908,2.97832489,SALTO_STAGIONALE,g.11 <- g.361
-9.0,22449,Tabit,3.11307649,SALTO_STAGIONALE,g.2 <- g.336
-9.0,89962,HIP 89962,3.24603861,CESSA_CIRCUMPOLARE,
-9.0,26207,Meissa,3.38791457,SALTO_STAGIONALE,g.18 <- g.358
-9.0,50335,Adhafera,3.43922229,SALTO_STAGIONALE,g.14 <- g.365
-9.0,48774,HIP 48774,3.47935433,SALTO_STAGIONALE,g.158 <- g.193
-9.0,35550,Wasat,3.49980601,SALTO_STAGIONALE,g.4 <- g.351
-9.0,46651,HIP 46651,3.58862412,SALTO_STAGIONALE,g.141 <- g.210
-9.0,22549,HIP 22549,3.67879528,SALTO_STAGIONALE,g.21 <- g.353
-9.0,104887,HIP 104887,3.77081736,CESSA_CIRCUMPOLARE,
-9.0,71795,HIP 71795,3.78450094,DIVENTA_CIRCUMPOLARE,
-9.0,61281,HIP 61281,3.86396201,DIVENTA_CIRCUMPOLARE,
-9.0,107259,Garnet Star,4.53994369,CESSA_CIRCUMPOLARE,
-10.0,27989,Betelgeuse,0.86633453,SALTO_STAGIONALE,g.10 <- g.347
-10.0,97649,Altair,0.89795096,CESSA_CIRCUMPOLARE,
-10.0,25336,Bellatrix,1.62972533,SALTO_STAGIONALE,g.3 <- g.334
-10.0,50583,Algieba,2.03473411,SALTO_STAGIONALE,g.3 <- g.353
-10.0,65378,Mizar,2.06604973,DIVENTA_CIRCUMPOLARE,
-10.0,54872,Zosma,2.58997684,SALTO_STAGIONALE,g.1 <- g.353
-10.0,77070,Unukalhai,2.59679216,DIVENTA_CIRCUMPOLARE,
-10.0,22449,Tabit,3.10630322,SALTO_STAGIONALE,g.336 <- g.305
-10.0,104732,HIP 104732,3.19586936,CESSA_CIRCUMPOLARE,
-10.0,32362,Alzirr,3.32234244,SALTO_STAGIONALE,g.6 <- g.348
-10.0,109492,HIP 109492,3.4016784,CESSA_CIRCUMPOLARE,
-10.0,95501,HIP 95501,3.41131239,CESSA_CIRCUMPOLARE,
-10.0,35350,HIP 35350,3.59530146,SALTO_STAGIONALE,g.4 <- g.348
-10.0,101769,Rotanev,3.65952895,CESSA_CIRCUMPOLARE,
-10.0,22549,HIP 22549,3.67859474,SALTO_STAGIONALE,g.353 <- g.317
-10.0,77622,HIP 77622,3.71999926,DIVENTA_CIRCUMPOLARE,
-10.0,101958,Sualocin,3.77226593,CESSA_CIRCUMPOLARE,
-10.0,98036,Alshain,3.79622659,CESSA_CIRCUMPOLARE,
-10.0,51232,HIP 51232,3.81740768,SALTO_STAGIONALE,g.158 <- g.191
-10.0,101421,Aldulfin,4.03658226,CESSA_CIRCUMPOLARE,
-11.0,69673,Arcturus,-0.01429267,DIVENTA_CIRCUMPOLARE,
-11.0,37279,Procyon,0.4327865,SALTO_STAGIONALE,g.9 <- g.352
-11.0,27989,Betelgeuse,0.86602909,SALTO_STAGIONALE,g.347 <- g.314
-11.0,49669,Regulus,1.35325146,SALTO_STAGIONALE,g.10 <- g.359
-11.0,25336,Bellatrix,1.6292017,SALTO_STAGIONALE,g.334 <- g.301
-11.0,67301,Alkaid,1.86616948,DIVENTA_CIRCUMPOLARE,
-11.0,57632,Denebola,2.13764866,SALTO_STAGIONALE,g.1 <- g.353
-11.0,72105,Izar,2.38478845,DIVENTA_CIRCUMPOLARE,
-11.0,52727,HIP 52727,2.68682451,SALTO_STAGIONALE,g.139 <- g.222
-11.0,63608,Vindemiatrix,2.84041121,SALTO_STAGIONALE,g.10 <- g.363
-11.0,36188,Gomeisa,2.88116925,SALTO_STAGIONALE,g.20 <- g.360
-11.0,54879,Chertan,3.32899771,SALTO_STAGIONALE,g.7 <- g.357
-11.0,49583,HIP 49583,3.51795333,SALTO_STAGIONALE,g.5 <- g.353
-11.0,112724,HIP 112724,3.52883191,CESSA_CIRCUMPOLARE,
-11.0,71053,Kalasungsang,3.58894373,DIVENTA_CIRCUMPOLARE,
-11.0,53253,HIP 53253,3.76717969,SALTO_STAGIONALE,g.154 <- g.203
-11.0,111169,Stellio,3.76956238,CESSA_CIRCUMPOLARE,
-11.0,76276,HIP 76276,3.81293138,DIVENTA_CIRCUMPOLARE,
-11.0,51986,HIP 51986,3.81926873,SALTO_STAGIONALE,g.140 <- g.221
-11.0,80883,Marfik,3.82471244,DIVENTA_CIRCUMPOLARE,
-11.0,50191,HIP 50191,3.83564105,SALTO_STAGIONALE,g.139 <- g.221
-11.0,41307,HIP 41307,3.89069254,SALTO_STAGIONALE,g.85 <- g.283
-12.0,46390,Alphard,1.97948037,SALTO_STAGIONALE,g.77 <- g.289
-12.0,71075,Seginus,3.08277702,DIVENTA_CIRCUMPOLARE,
-12.0,43813,HIP 43813,3.09389151,SALTO_STAGIONALE,g.22 <- g.365
-12.0,56561,HIP 56561,3.11036624,SALTO_STAGIONALE,g.149 <- g.211
-12.0,43109,Ashlesha,3.35153451,SALTO_STAGIONALE,g.20 <- g.362
-12.0,47508,Subra,3.49970227,SALTO_STAGIONALE,g.8 <- g.354
-12.0,40526,Tarf,3.52103859,SALTO_STAGIONALE,g.3 <- g.344
-12.0,57363,HIP 57363,3.6219732,SALTO_STAGIONALE,g.152 <- g.208
-12.0,113726,Alfarasalkamil,3.62404849,CESSA_CIRCUMPOLARE,
-12.0,68756,Thuban,3.66206929,DIVENTA_CIRCUMPOLARE,
-12.0,77233,Zhou,3.66257017,DIVENTA_CIRCUMPOLARE,
-12.0,109176,HIP 109176,3.7854839,CESSA_CIRCUMPOLARE,
-12.0,51624,Shaomin,3.87182325,SALTO_STAGIONALE,g.14 <- g.360
-12.0,55425,HIP 55425,3.89592563,SALTO_STAGIONALE,g.142 <- g.223
-13.0,60718,Acrux (Cr.Sud),0.77878476,SALTO_STAGIONALE,g.136 <- g.206
-13.0,107315,Enif,2.09918467,CESSA_CIRCUMPOLARE,
-13.0,76267,Alphecca,2.21873223,DIVENTA_CIRCUMPOLARE,
-13.0,746,Caph,2.2472506,CESSA_CIRCUMPOLARE,
-13.0,113881,Scheat,2.51548333,SALTO_STAGIONALE,g.151 <- g.119
-13.0,59196,HIP 59196,2.57291494,SALTO_STAGIONALE,g.125 <- g.235
-13.0,61585,HIP 61585,2.68352786,SALTO_STAGIONALE,g.146 <- g.210
-13.0,86742,Cebalrai,2.78577864,DIVENTA_CIRCUMPOLARE,
-13.0,59747,Imai,2.78770116,SALTO_STAGIONALE,g.136 <- g.215
-13.0,112158,Matar,2.94562084,CESSA_CIRCUMPOLARE,
-13.0,62322,HIP 62322,3.02863315,SALTO_STAGIONALE,g.144 <- g.207
-13.0,89962,HIP 89962,3.244003,DIVENTA_CIRCUMPOLARE,
-13.0,116727,Errai,3.30756542,CESSA_CIRCUMPOLARE,
-13.0,63090,Minelauva,3.39456731,SALTO_STAGIONALE,g.9 <- g.359
-13.0,3821,Achird,3.40757909,CESSA_CIRCUMPOLARE,
-13.0,83000,HIP 83000,3.45921227,DIVENTA_CIRCUMPOLARE,
-13.0,112748,Sadalbari,3.47969412,CESSA_CIRCUMPOLARE,
-13.0,74666,Qigong,3.49817644,DIVENTA_CIRCUMPOLARE,
-13.0,73555,Nekkar,3.521195,DIVENTA_CIRCUMPOLARE,
-13.0,63613,HIP 63613,3.56647687,SALTO_STAGIONALE,g.149 <- g.202
-13.0,57757,Zavijava,3.58030739,SALTO_STAGIONALE,g.15 <- g.362
-13.0,60260,Ginan,3.59139109,SALTO_STAGIONALE,g.138 <- g.226
-13.0,75695,Nusakan,3.6956054,DIVENTA_CIRCUMPOLARE,
-13.0,72220,Maenalus,3.74260772,SALTO_STAGIONALE,g.10 <- g.363
-13.0,87108,Bake-eo,3.76077657,DIVENTA_CIRCUMPOLARE,
-13.0,51069,HIP 51069,3.80042399,SALTO_STAGIONALE,g.89 <- g.274
-13.0,80170,HIP 80170,3.81722117,DIVENTA_CIRCUMPOLARE,
-13.0,116584,Udkadua,3.82242142,CESSA_CIRCUMPOLARE,
-13.0,78072,HIP 78072,3.83562779,DIVENTA_CIRCUMPOLARE,
-13.0,76952,Baltesha,3.84025182,DIVENTA_CIRCUMPOLARE,
-13.0,61199,HIP 61199,3.85729917,SALTO_STAGIONALE,g.153 <- g.205
-13.0,45336,HIP 45336,3.89469256,SALTO_STAGIONALE,g.17 <- g.356
-13.0,59449,HIP 59449,3.9537702,SALTO_STAGIONALE,g.129 <- g.219
-13.0,88192,HIP 88192,3.96021542,DIVENTA_CIRCUMPOLARE,
-13.0,60009,HIP 60009,4.0481395,SALTO_STAGIONALE,g.145 <- g.214
-14.0,62434,Mimosa,1.24651317,SALTO_STAGIONALE,g.130 <- g.217
-14.0,61084,Gacrux,1.59642123,SALTO_STAGIONALE,g.130 <- g.224
-14.0,11767,Polaris,1.99467053,CESSA_CIRCUMPOLARE,
-14.0,3179,Schedar,2.22697406,CESSA_CIRCUMPOLARE,
-14.0,4427,Tiansi,2.30143899,CESSA_CIRCUMPOLARE,
-14.0,113881,Scheat,2.51520406,CESSA_CIRCUMPOLARE,
-14.0,79593,Yed Prior,2.74846077,SALTO_STAGIONALE,g.9 <- g.363
-14.0,61941,Porrima,2.79920542,SALTO_STAGIONALE,g.7 <- g.356
-14.0,80816,Kornephoros,2.80090901,DIVENTA_CIRCUMPOLARE,
-14.0,52943,HIP 52943,3.11533076,SALTO_STAGIONALE,g.80 <- g.281
-14.0,66249,Heze,3.38639832,SALTO_STAGIONALE,g.6 <- g.356
-14.0,56343,HIP 56343,3.54537488,SALTO_STAGIONALE,g.105 <- g.252
-14.0,77516,HIP 77516,3.54848317,SALTO_STAGIONALE,g.14 <- g.366
-14.0,84345,Rasalgethi,3.59045772,DIVENTA_CIRCUMPOLARE,
-14.0,49841,HIP 49841,3.59226625,SALTO_STAGIONALE,g.76 <- g.284
-14.0,2920,Fulu,3.66962359,CESSA_CIRCUMPOLARE,
-14.0,61622,HIP 61622,3.86990671,SALTO_STAGIONALE,g.119 <- g.235
-14.0,60129,Zaniah,3.88594506,SALTO_STAGIONALE,g.9 <- g.356
-14.0,60823,HIP 60823,3.906754,SALTO_STAGIONALE,g.125 <- g.237
-14.0,63003,HIP 63003,4.02804538,SALTO_STAGIONALE,g.130 <- g.238
-15.0,68702,Hadar,0.60815811,SALTO_STAGIONALE,g.118 <- g.224
-15.0,65474,Spica,0.97552706,SALTO_STAGIONALE,g.11 <- g.359
-15.0,86032,Rasalhague,2.04829115,DIVENTA_CIRCUMPOLARE,
-15.0,61932,HIP 61932,2.20545072,SALTO_STAGIONALE,g.120 <- g.234
-15.0,74785,Zubeneschamali,2.6373625,SALTO_STAGIONALE,g.14 <- g.364
-15.0,6686,Ruchbah,2.6705536,CESSA_CIRCUMPOLARE,
-15.0,79882,Yed Posterior,3.24589673,SALTO_STAGIONALE,g.6 <- g.359
-15.0,8886,Segin,3.37014963,CESSA_CIRCUMPOLARE,
-15.0,95501,HIP 95501,3.43248168,DIVENTA_CIRCUMPOLARE,
-15.0,88771,HIP 88771,3.76068724,DIVENTA_CIRCUMPOLARE,
-15.0,72370,Paradys,3.82627419,SALTO_STAGIONALE,g.152 <- g.207
-15.0,71957,HIP 71957,3.87061495,SALTO_STAGIONALE,g.3 <- g.353
-15.0,9598,Gang,3.97523919,CESSA_CIRCUMPOLARE,
-16.0,97649,Altair,0.96243656,DIVENTA_CIRCUMPOLARE,
-16.0,677,Alpheratz,2.08903901,CESSA_CIRCUMPOLARE,
-16.0,66657,HIP 66657,2.30208787,SALTO_STAGIONALE,g.119 <- g.229
-16.0,113963,Markab,2.48919421,SALTO_STAGIONALE,g.96 <- g.60
-16.0,81377,HIP 81377,2.57366977,SALTO_STAGIONALE,g.10 <- g.361
-16.0,72622,Zubenelgenubi,2.76426212,SALTO_STAGIONALE,g.17 <- g.366
-16.0,74946,HIP 74946,2.87410318,SALTO_STAGIONALE,g.129 <- g.215
-16.0,60965,Algorab,2.93179269,SALTO_STAGIONALE,g.22 <- g.366
-16.0,81693,Tianji,3.05542277,DIVENTA_CIRCUMPOLARE,
-16.0,71908,Xami,3.17715131,SALTO_STAGIONALE,g.125 <- g.244
-16.0,84379,Sarin,3.19007923,DIVENTA_CIRCUMPOLARE,
-16.0,7607,Nembus,3.56064537,CESSA_CIRCUMPOLARE,
-16.0,55282,HIP 55282,3.56294441,SALTO_STAGIONALE,g.46 <- g.314
-16.0,98036,Alshain,3.83439233,DIVENTA_CIRCUMPOLARE,
-16.0,4436,HIP 4436,3.8544254,CESSA_CIRCUMPOLARE,
-16.0,83207,Khepdenreret,3.93476439,DIVENTA_CIRCUMPOLARE,
-16.0,8068,Dajiangjunbei,4.06183381,CESSA_CIRCUMPOLARE,
-17.0,82273,Atria,1.91117453,SALTO_STAGIONALE,g.123 <- g.224
-17.0,5447,Mirach,2.04819189,CESSA_CIRCUMPOLARE,
-17.0,107315,Enif,2.09896861,DIVENTA_CIRCUMPOLARE,
-17.0,68002,Leepwal,2.5427052,SALTO_STAGIONALE,g.104 <- g.267
-17.0,59803,Gienah,2.58399443,SALTO_STAGIONALE,g.11 <- g.351
-17.0,97278,Tarazed,2.71833263,DIVENTA_CIRCUMPOLARE,
-17.0,65109,Kulou,2.75090579,SALTO_STAGIONALE,g.80 <- g.285
-17.0,59316,HIP 59316,2.99885654,SALTO_STAGIONALE,g.49 <- g.317
-17.0,93747,Okab,3.02604306,DIVENTA_CIRCUMPOLARE,
-17.0,67472,HIP 67472,3.18719285,SALTO_STAGIONALE,g.94 <- g.253
-17.0,3092,HIP 3092,3.27968428,CESSA_CIRCUMPOLARE,
-17.0,88048,HIP 88048,3.32091586,SALTO_STAGIONALE,g.9 <- g.360
-17.0,67464,Heng,3.4029522,SALTO_STAGIONALE,g.93 <- g.279
-17.0,93805,HIP 93805,3.44302049,SALTO_STAGIONALE,g.11 <- g.364
-17.0,81833,HIP 81833,3.48480804,DIVENTA_CIRCUMPOLARE,
-17.0,69996,HIP 69996,3.54448281,SALTO_STAGIONALE,g.98 <- g.269
-17.0,13268,Miram,3.76718327,CESSA_CIRCUMPOLARE,
-17.0,68245,HIP 68245,3.81730047,SALTO_STAGIONALE,g.93 <- g.283
-17.0,68282,HIP 68282,3.86346573,SALTO_STAGIONALE,g.100 <- g.262
-17.0,79992,Asuusiha,3.90256611,DIVENTA_CIRCUMPOLARE,
-17.0,71536,HIP 71536,4.03285767,SALTO_STAGIONALE,g.103 <- g.255
-17.0,101421,Aldulfin,4.03925247,DIVENTA_CIRCUMPOLARE,
-18.0,71683,Rigil Kentaurus,0.48756785,SALTO_STAGIONALE,g.101 <- g.251
-18.0,80763,Antares,1.02079172,SALTO_STAGIONALE,g.17 <- g.365
-18.0,9640,Almach,2.26427828,CESSA_CIRCUMPOLARE,
-18.0,71860,Uridim,2.30201378,SALTO_STAGIONALE,g.93 <- g.276
-18.0,78401,Dschubba,2.3180773,SALTO_STAGIONALE,g.8 <- g.355
-18.0,71352,HIP 71352,2.35611802,SALTO_STAGIONALE,g.77 <- g.287
-18.0,84012,Sabik,2.43404737,SALTO_STAGIONALE,g.1 <- g.351
-18.0,78820,Acrab,2.56136458,SALTO_STAGIONALE,g.1 <- g.349
-18.0,61359,Kraz,2.65486343,SALTO_STAGIONALE,g.19 <- g.354
-18.0,2021,HIP 2021,2.73646814,SALTO_STAGIONALE,g.136 <- g.237
-18.0,77952,HIP 77952,2.81057174,SALTO_STAGIONALE,g.117 <- g.246
-18.0,14328,HIP 14328,2.92843381,CESSA_CIRCUMPOLARE,
-18.0,64962,Naga,2.9971811,SALTO_STAGIONALE,g.8 <- g.348
-18.0,84380,Nuchuang,3.17306351,DIVENTA_CIRCUMPOLARE,
-18.0,68895,HIP 68895,3.22758824,SALTO_STAGIONALE,g.19 <- g.362
-18.0,99473,Antinous,3.25524591,SALTO_STAGIONALE,g.9 <- g.363
-18.0,73714,Brachium,3.29546693,SALTO_STAGIONALE,g.16 <- g.361
-18.0,74395,HIP 74395,3.41791856,SALTO_STAGIONALE,g.102 <- g.269
-18.0,86974,HIP 86974,3.49504535,DIVENTA_CIRCUMPOLARE,
-18.0,98337,HIP 98337,3.49950209,DIVENTA_CIRCUMPOLARE,
-18.0,86263,HIP 86263,3.60400375,SALTO_STAGIONALE,g.9 <- g.358
-18.0,101769,Rotanev,3.67251519,DIVENTA_CIRCUMPOLARE,
-18.0,107089,HIP 107089,3.67637787,SALTO_STAGIONALE,g.147 <- g.224
-18.0,87933,HIP 87933,3.70066075,DIVENTA_CIRCUMPOLARE,
-18.0,101958,Sualocin,3.77313417,DIVENTA_CIRCUMPOLARE,
-18.0,97365,HIP 97365,3.77933782,DIVENTA_CIRCUMPOLARE,
-18.0,88794,HIP 88794,3.84421554,DIVENTA_CIRCUMPOLARE,
-18.0,74376,HIP 74376,3.86168597,SALTO_STAGIONALE,g.95 <- g.260
-18.0,73807,HIP 73807,3.8893756,SALTO_STAGIONALE,g.92 <- g.283
-18.0,78933,HIP 78933,3.95798346,SALTO_STAGIONALE,g.10 <- g.357
-18.0,98495,HIP 98495,3.96650078,SALTO_STAGIONALE,g.133 <- g.222
-19.0,15863,Mirfak,1.79570475,CESSA_CIRCUMPOLARE,
-19.0,61359,Kraz,2.65520774,SALTO_STAGIONALE,g.354 <- g.319
-19.0,73273,HIP 73273,2.67695279,SALTO_STAGIONALE,g.73 <- g.296
-19.0,81266,Paikauhale,2.82136516,SALTO_STAGIONALE,g.14 <- g.361
-19.0,9236,HIP 9236,2.84291924,SALTO_STAGIONALE,g.158 <- g.198
-19.0,80112,Alniyat,2.9043134,SALTO_STAGIONALE,g.4 <- g.351
-19.0,78265,Fang,2.90736242,SALTO_STAGIONALE,g.3 <- g.348
-19.0,83081,HIP 83081,3.12263277,SALTO_STAGIONALE,g.99 <- g.248
-19.0,73334,HIP 73334,3.12983188,SALTO_STAGIONALE,g.71 <- g.293
-19.0,84970,HIP 84970,3.26970463,SALTO_STAGIONALE,g.15 <- g.362
-19.0,75264,HIP 75264,3.37066175,SALTO_STAGIONALE,g.78 <- g.277
-19.0,55282,HIP 55282,3.56369381,SALTO_STAGIONALE,g.314 <- g.284
-19.0,85727,HIP 85727,3.60438794,SALTO_STAGIONALE,g.109 <- g.241
-19.0,86929,HIP 86929,3.61117704,SALTO_STAGIONALE,g.120 <- g.254
-19.0,76470,HIP 76470,3.61396041,SALTO_STAGIONALE,g.11 <- g.355
-19.0,76600,HIP 76600,3.64968511,SALTO_STAGIONALE,g.17 <- g.361
-19.0,68756,Thuban,3.66461187,CESSA_CIRCUMPOLARE,
-19.0,82363,HIP 82363,3.74752941,SALTO_STAGIONALE,g.111 <- g.253
-19.0,14668,Misam,3.76406144,CESSA_CIRCUMPOLARE,
-19.0,56211,Giausar,3.84311814,CESSA_CIRCUMPOLARE,
-19.0,61281,HIP 61281,3.86576297,CESSA_CIRCUMPOLARE,
-19.0,78104,Iklil,3.87914614,SALTO_STAGIONALE,g.18 <- g.362
-20.0,91262,Vega,0.12108175,DIVENTA_CIRCUMPOLARE,
-20.0,68933,Menkent,2.05813806,SALTO_STAGIONALE,g.6 <- g.340
-20.0,82396,Larawag,2.30267721,SALTO_STAGIONALE,g.14 <- g.359
-20.0,85258,HIP 85258,2.84009822,SALTO_STAGIONALE,g.97 <- g.253
-20.0,94141,Albaldah,2.90300287,SALTO_STAGIONALE,g.14 <- g.362
-20.0,90496,Kaus Borealis,2.91316365,SALTO_STAGIONALE,g.11 <- g.358
-20.0,88635,Alnasl,2.94960009,SALTO_STAGIONALE,g.19 <- g.365
-20.0,59316,HIP 59316,2.99852686,SALTO_STAGIONALE,g.317 <- g.285
-20.0,17358,Sarvvis,3.00879667,CESSA_CIRCUMPOLARE,
-20.0,95947,Albireo,3.09050798,DIVENTA_CIRCUMPOLARE,
-20.0,93194,Sulafat,3.25173793,DIVENTA_CIRCUMPOLARE,
-20.0,85267,HIP 85267,3.32387368,SALTO_STAGIONALE,g.102 <- g.256
-20.0,102395,HIP 102395,3.41477047,SALTO_STAGIONALE,g.128 <- g.228
-20.0,112748,Sadalbari,3.47354886,DIVENTA_CIRCUMPOLARE,
-20.0,93085,HIP 93085,3.52217662,SALTO_STAGIONALE,g.13 <- g.361
-20.0,75177,HIP 75177,3.57487721,SALTO_STAGIONALE,g.22 <- g.363
-20.0,93683,HIP 93683,3.73360216,SALTO_STAGIONALE,g.17 <- g.364
-20.0,99240,HIP 99240,3.7499097,SALTO_STAGIONALE,g.107 <- g.258
-20.0,109176,HIP 109176,3.79635771,DIVENTA_CIRCUMPOLARE,
-20.0,92420,Sheliak,3.80517659,DIVENTA_CIRCUMPOLARE,
-20.0,89341,Polis,3.82002639,SALTO_STAGIONALE,g.2 <- g.349
-20.0,95168,HIP 95168,3.91954827,SALTO_STAGIONALE,g.15 <- g.364
-20.0,77634,HIP 77634,3.95213466,SALTO_STAGIONALE,g.14 <- g.355
-20.0,71865,HIP 71865,3.99638619,SALTO_STAGIONALE,g.44 <- g.344
-20.0,19343,HIP 19343,4.03376949,CESSA_CIRCUMPOLARE,
-21.0,24608,Capella,-0.03801268,CESSA_CIRCUMPOLARE,
-21.0,7588,Achernar,0.43392395,SALTO_STAGIONALE,g.145 <- g.210
-21.0,85927,Shaula,1.62088857,SALTO_STAGIONALE,g.12 <- g.357
-21.0,54061,Dubhe,1.81228776,CESSA_CIRCUMPOLARE,
-21.0,90185,Kaus Australis,1.85359401,SALTO_STAGIONALE,g.14 <- g.360
-21.0,100751,Peacock,1.93823657,SALTO_STAGIONALE,g.99 <- g.256
-21.0,68933,Menkent,2.05859618,SALTO_STAGIONALE,g.340 <- g.309
-21.0,92855,Nunki,2.07421803,SALTO_STAGIONALE,g.2 <- g.349
-21.0,677,Alpheratz,2.09360373,DIVENTA_CIRCUMPOLARE,
-21.0,14576,Algol,2.30257706,SALTO_STAGIONALE,g.78 <- g.44
-21.0,113963,Markab,2.48981897,SALTO_STAGIONALE,g.7 <- g.362
-21.0,113881,Scheat,2.51332612,DIVENTA_CIRCUMPOLARE,
-21.0,102488,Aljanah,2.52726232,DIVENTA_CIRCUMPOLARE,
-21.0,93506,Ascella,2.55804994,SALTO_STAGIONALE,g.17 <- g.364
-21.0,85696,Lesath,2.69369827,SALTO_STAGIONALE,g.17 <- g.361
-21.0,89931,Kaus Media,2.70802606,SALTO_STAGIONALE,g.4 <- g.350
-21.0,76297,HIP 76297,2.79910137,SALTO_STAGIONALE,g.31 <- g.330
-21.0,110130,Lang-Exster,2.83953542,SALTO_STAGIONALE,g.122 <- g.229
-21.0,85792,HIP 85792,2.87707594,SALTO_STAGIONALE,g.73 <- g.299
-21.0,112158,Matar,2.94435447,DIVENTA_CIRCUMPOLARE,
-21.0,82514,Xamidimura,3.08239667,SALTO_STAGIONALE,g.15 <- g.357
-21.0,100345,Dabih,3.08815963,SALTO_STAGIONALE,g.9 <- g.358
-21.0,92041,HIP 92041,3.15701504,SALTO_STAGIONALE,g.6 <- g.352
-21.0,104732,HIP 104732,3.18655497,DIVENTA_CIRCUMPOLARE,
-21.0,75141,HIP 75141,3.21593646,SALTO_STAGIONALE,g.33 <- g.326
-21.0,93864,HIP 93864,3.25227591,SALTO_STAGIONALE,g.11 <- g.358
-21.0,3092,HIP 3092,3.28176419,DIVENTA_CIRCUMPOLARE,
-21.0,41704,Muscida,3.35219107,CESSA_CIRCUMPOLARE,
-21.0,112029,Homam,3.40053216,SALTO_STAGIONALE,g.12 <- g.365
-21.0,78384,HIP 78384,3.41702538,SALTO_STAGIONALE,g.13 <- g.351
-21.0,109427,Biham,3.53428648,SALTO_STAGIONALE,g.7 <- g.359
-21.0,82545,Pipirima,3.55960385,SALTO_STAGIONALE,g.17 <- g.359
-21.0,100064,Algedi,3.56898088,SALTO_STAGIONALE,g.4 <- g.354
-21.0,103227,HIP 103227,3.64442549,SALTO_STAGIONALE,g.111 <- g.246
-21.0,88714,HIP 88714,3.67849043,SALTO_STAGIONALE,g.78 <- g.282
-21.0,46733,HIP 46733,3.70313099,CESSA_CIRCUMPOLARE,
-21.0,28358,Bagu,3.71046558,CESSA_CIRCUMPOLARE,
-21.0,48319,HIP 48319,3.7524977,CESSA_CIRCUMPOLARE,
-21.0,102618,Albali,3.78551684,SALTO_STAGIONALE,g.10 <- g.360
-21.0,5348,Wurren,3.98118515,SALTO_STAGIONALE,g.142 <- g.226
-22.0,62956,Alioth,1.78267833,CESSA_CIRCUMPOLARE,
-22.0,86228,Sargas,1.85819009,SALTO_STAGIONALE,g.22 <- g.364
-22.0,5447,Mirach,2.04837566,DIVENTA_CIRCUMPOLARE,
-22.0,65378,Mizar,2.07219509,CESSA_CIRCUMPOLARE,
-22.0,53910,Merak,2.38965769,CESSA_CIRCUMPOLARE,
-22.0,86670,HIP 86670,2.412041,SALTO_STAGIONALE,g.5 <- g.346
-22.0,58001,Phecda,2.45934188,CESSA_CIRCUMPOLARE,
-22.0,106278,Sadalsuud,2.89687246,SALTO_STAGIONALE,g.2 <- g.352
-22.0,109074,Sadalmelik,2.94210817,SALTO_STAGIONALE,g.7 <- g.358
-22.0,87073,HIP 87073,3.02408494,SALTO_STAGIONALE,g.14 <- g.355
-22.0,89642,HIP 89642,3.07902547,SALTO_STAGIONALE,g.6 <- g.349
-22.0,46853,HIP 46853,3.14177548,CESSA_CIRCUMPOLARE,
-22.0,87261,Fuyue,3.16921999,SALTO_STAGIONALE,g.2 <- g.344
-22.0,59774,Megrez,3.33962547,CESSA_CIRCUMPOLARE,
-22.0,84143,HIP 84143,3.38636795,SALTO_STAGIONALE,g.15 <- g.353
-22.0,10602,HIP 10602,3.53731141,SALTO_STAGIONALE,g.150 <- g.214
-22.0,82729,HIP 82729,3.64300509,SALTO_STAGIONALE,g.11 <- g.348
-22.0,9007,HIP 9007,3.72190968,SALTO_STAGIONALE,g.144 <- g.226
-22.0,104887,HIP 104887,3.80248527,DIVENTA_CIRCUMPOLARE,
-22.0,4436,HIP 4436,3.85198405,DIVENTA_CIRCUMPOLARE,
-22.0,79992,Asuusiha,3.90429577,CESSA_CIRCUMPOLARE,
-22.0,71865,HIP 71865,3.99633272,SALTO_STAGIONALE,g.344 <- g.306
-23.0,67301,Alkaid,1.87745369,CESSA_CIRCUMPOLARE,
-23.0,112122,Tiaki,2.1486543,SALTO_STAGIONALE,g.96 <- g.248
-23.0,100453,Sadr,2.20874117,DIVENTA_CIRCUMPOLARE,
-23.0,9640,Almach,2.26535991,DIVENTA_CIRCUMPOLARE,
-23.0,76297,HIP 76297,2.79902435,SALTO_STAGIONALE,g.330 <- g.296
-23.0,107556,Deneb Algedi,2.88226379,SALTO_STAGIONALE,g.8 <- g.356
-23.0,44127,Talitha,3.09434434,CESSA_CIRCUMPOLARE,
-23.0,101772,HIP 101772,3.11048385,SALTO_STAGIONALE,g.77 <- g.277
-23.0,75141,HIP 75141,3.21593143,SALTO_STAGIONALE,g.326 <- g.292
-23.0,5165,HIP 5165,3.31713098,SALTO_STAGIONALE,g.128 <- g.227
-23.0,84143,HIP 84143,3.38905756,SALTO_STAGIONALE,g.353 <- g.323
-23.0,112623,HIP 112623,3.49253609,SALTO_STAGIONALE,g.112 <- g.257
-23.0,110960,HIP 110960,3.60057275,SALTO_STAGIONALE,g.4 <- g.354
-23.0,106985,Nashira,3.70646356,SALTO_STAGIONALE,g.14 <- g.361
-23.0,57399,Taiyangshou,3.72005951,SALTO_STAGIONALE,g.164 <- g.132
-23.0,114971,HIP 114971,3.72533459,SALTO_STAGIONALE,g.14 <- g.364
-23.0,110395,Sadachbia,3.86870965,SALTO_STAGIONALE,g.5 <- g.354
-23.0,103413,HIP 103413,3.95116118,DIVENTA_CIRCUMPOLARE,
-24.0,109268,Alnair,1.71424611,SALTO_STAGIONALE,g.85 <- g.257
-24.0,1067,Algenib,2.83239681,SALTO_STAGIONALE,g.11 <- g.361
-24.0,13847,Acamar,2.89222134,SALTO_STAGIONALE,g.140 <- g.217
-24.0,17358,Sarvvis,3.0085815,DIVENTA_CIRCUMPOLARE,
-24.0,54539,HIP 54539,3.00917098,CESSA_CIRCUMPOLARE,
-24.0,6867,HIP 6867,3.39476115,SALTO_STAGIONALE,g.124 <- g.235
-24.0,90422,HIP 90422,3.49518932,SALTO_STAGIONALE,g.12 <- g.341
-24.0,73555,Nekkar,3.52793172,CESSA_CIRCUMPOLARE,
-24.0,44471,Alkaphrah,3.57897191,CESSA_CIRCUMPOLARE,
-24.0,113726,Alfarasalkamil,3.62751577,DIVENTA_CIRCUMPOLARE,
-24.0,104060,HIP 104060,3.70322562,DIVENTA_CIRCUMPOLARE,
-24.0,57399,Taiyangshou,3.72039436,CESSA_CIRCUMPOLARE,
-24.0,105881,HIP 105881,3.74273275,SALTO_STAGIONALE,g.6 <- g.351
-24.0,112961,Shatabhisha,3.74555806,SALTO_STAGIONALE,g.18 <- g.365
-24.0,14668,Misam,3.75485128,DIVENTA_CIRCUMPOLARE,
-24.0,2072,HIP 2072,3.89983978,SALTO_STAGIONALE,g.117 <- g.250
-24.0,95241,Arkab Prior,3.92030738,SALTO_STAGIONALE,g.27 <- g.364
-24.0,95347,Rukbat,3.96499781,SALTO_STAGIONALE,g.1 <- g.339
-24.0,19343,HIP 19343,4.0337316,DIVENTA_CIRCUMPOLARE,
-25.0,24608,Capella,-0.05858586,DIVENTA_CIRCUMPOLARE,
-25.0,102098,Deneb,1.24662335,DIVENTA_CIRCUMPOLARE,
-25.0,15863,Mirfak,1.79591124,DIVENTA_CIRCUMPOLARE,
-25.0,2081,Ankaa,2.21486242,SALTO_STAGIONALE,g.102 <- g.270
-25.0,14576,Algol,2.30128355,SALTO_STAGIONALE,g.10 <- g.364
-25.0,63125,Cor Caroli,2.89753146,CESSA_CIRCUMPOLARE,
-25.0,14328,HIP 14328,2.92788671,DIVENTA_CIRCUMPOLARE,
-25.0,10064,Alaybasan,2.98913275,SALTO_STAGIONALE,g.3 <- g.357
-25.0,71075,Seginus,3.12205201,CESSA_CIRCUMPOLARE,
-25.0,50801,Tania Australis,3.18188255,CESSA_CIRCUMPOLARE,
-25.0,113136,Skat,3.25977118,SALTO_STAGIONALE,g.16 <- g.362
-25.0,50372,Tania Borealis,3.43847091,CESSA_CIRCUMPOLARE,
-25.0,8796,Mothallah,3.46643517,SALTO_STAGIONALE,g.12 <- g.364
-25.0,81833,HIP 81833,3.48055034,CESSA_CIRCUMPOLARE,
-25.0,90422,HIP 90422,3.49519878,SALTO_STAGIONALE,g.341 <- g.306
-25.0,7607,Nembus,3.55454633,DIVENTA_CIRCUMPOLARE,
-25.0,111169,Stellio,3.78212538,DIVENTA_CIRCUMPOLARE,
-25.0,116584,Udkadua,3.81804767,DIVENTA_CIRCUMPOLARE,
-25.0,14879,Dalim,3.88039029,SALTO_STAGIONALE,g.128 <- g.234
-25.0,95241,Arkab Prior,3.92043471,SALTO_STAGIONALE,g.364 <- g.328
-25.0,8068,Dajiangjunbei,4.0617557,DIVENTA_CIRCUMPOLARE,
-26.0,69673,Arcturus,0.07634123,CESSA_CIRCUMPOLARE,
-26.0,113368,Fomalhaut,1.11902567,SALTO_STAGIONALE,g.15 <- g.358
-26.0,9884,Hamal,2.05173191,SALTO_STAGIONALE,g.12 <- g.362
-26.0,3179,Schedar,2.22848257,DIVENTA_CIRCUMPOLARE,
-26.0,8903,Sheratan,2.65199524,SALTO_STAGIONALE,g.16 <- g.366
-26.0,85792,HIP 85792,2.87711254,SALTO_STAGIONALE,g.299 <- g.268
-26.0,108085,Aldhanab,3.00000373,SALTO_STAGIONALE,g.22 <- g.360
-26.0,84380,Nuchuang,3.17708016,CESSA_CIRCUMPOLARE,
-26.0,74666,Qigong,3.50799381,CESSA_CIRCUMPOLARE,
-26.0,20042,HIP 20042,3.52784821,SALTO_STAGIONALE,g.144 <- g.215
-26.0,114341,Safina,3.65407011,SALTO_STAGIONALE,g.19 <- g.363
-26.0,2920,Fulu,3.66934463,DIVENTA_CIRCUMPOLARE,
-26.0,14354,HIP 14354,3.75189963,SALTO_STAGIONALE,g.6 <- g.359
-26.0,13268,Miram,3.76727297,DIVENTA_CIRCUMPOLARE,
-26.0,95241,Arkab Prior,3.92056206,SALTO_STAGIONALE,g.328 <- g.296
-27.0,76267,Alphecca,2.2168409,CESSA_CIRCUMPOLARE,
-27.0,746,Caph,2.23102619,DIVENTA_CIRCUMPOLARE,
-27.0,4427,Tiansi,2.3026137,DIVENTA_CIRCUMPOLARE,
-27.0,72105,Izar,2.39314965,CESSA_CIRCUMPOLARE,
-27.0,26634,Phact,2.62616123,SALTO_STAGIONALE,g.154 <- g.205
-27.0,6686,Ruchbah,2.6660957,DIVENTA_CIRCUMPOLARE,
-27.0,18532,Aldu,2.88774329,SALTO_STAGIONALE,g.10 <- g.362
-27.0,108085,Aldhanab,2.99990593,SALTO_STAGIONALE,g.360 <- g.326
-27.0,8886,Segin,3.37167646,DIVENTA_CIRCUMPOLARE,
-27.0,1562,HIP 1562,3.54497356,SALTO_STAGIONALE,g.13 <- g.358
-27.0,71053,Kalasungsang,3.59896497,CESSA_CIRCUMPOLARE,
-27.0,13209,Bharani,3.60731062,SALTO_STAGIONALE,g.17 <- g.366
-27.0,7097,Alpherg,3.6097339,SALTO_STAGIONALE,g.6 <- g.354
-27.0,28358,Bagu,3.70781916,DIVENTA_CIRCUMPOLARE,
-27.0,75695,Nusakan,3.71240105,CESSA_CIRCUMPOLARE,
-27.0,17529,HIP 17529,3.781163,SALTO_STAGIONALE,g.2 <- g.356
-27.0,53229,Praecipua,3.78349402,CESSA_CIRCUMPOLARE,
-27.0,99675,HIP 99675,3.80129605,DIVENTA_CIRCUMPOLARE,
-27.0,21393,Theemin,3.81603208,SALTO_STAGIONALE,g.142 <- g.227
-27.0,78072,HIP 78072,3.84516728,CESSA_CIRCUMPOLARE,
-27.0,8832,HIP 8832,3.88108898,SALTO_STAGIONALE,g.8 <- g.357
-27.0,83207,Khepdenreret,3.94677802,CESSA_CIRCUMPOLARE,
-28.0,91262,Vega,0.15289036,CESSA_CIRCUMPOLARE,
-28.0,28360,Menkalinan,1.9482874,SALTO_STAGIONALE,g.12 <- g.365
-28.0,67927,Muphrid,2.68357969,CESSA_CIRCUMPOLARE,
-28.0,35264,HIP 35264,2.69993008,SALTO_STAGIONALE,g.162 <- g.208
-28.0,18246,HIP 18246,2.88478233,SALTO_STAGIONALE,g.16 <- g.366
-28.0,108085,Aldhanab,2.99980877,SALTO_STAGIONALE,g.326 <- g.295
-28.0,30122,Furud,3.00154174,SALTO_STAGIONALE,g.146 <- g.222
-28.0,23416,Almaaz,3.06016477,SALTO_STAGIONALE,g.6 <- g.359
-28.0,23767,Haedus,3.16329858,SALTO_STAGIONALE,g.14 <- g.366
-28.0,81693,Tianji,3.20840545,CESSA_CIRCUMPOLARE,
-28.0,84379,Sarin,3.23387572,CESSA_CIRCUMPOLARE,
-28.0,3821,Achird,3.38278423,DIVENTA_CIRCUMPOLARE,
-28.0,109492,HIP 109492,3.4041964,DIVENTA_CIRCUMPOLARE,
-28.0,5364,HIP 5364,3.42171051,SALTO_STAGIONALE,g.21 <- g.364
-28.0,86974,HIP 86974,3.54090381,CESSA_CIRCUMPOLARE,
-28.0,44471,Alkaphrah,3.57882713,DIVENTA_CIRCUMPOLARE,
-28.0,15474,HIP 15474,3.62239737,SALTO_STAGIONALE,g.112 <- g.240
-28.0,53229,Praecipua,3.78243325,DIVENTA_CIRCUMPOLARE,
-28.0,99675,HIP 99675,3.80134074,CESSA_CIRCUMPOLARE,
-28.0,17448,Atik,3.83427461,SALTO_STAGIONALE,g.16 <- g.365
-28.0,8102,HIP 8102,3.83893929,SALTO_STAGIONALE,g.103 <- g.250
-28.0,30277,HIP 30277,3.84688622,SALTO_STAGIONALE,g.155 <- g.210
-28.0,76952,Baltesha,3.85062278,CESSA_CIRCUMPOLARE,
-29.0,3419,Diphda,2.00763545,SALTO_STAGIONALE,g.2 <- g.340
-29.0,80816,Kornephoros,2.81952271,CESSA_CIRCUMPOLARE,
-29.0,25606,Nihal,2.85247957,SALTO_STAGIONALE,g.122 <- g.244
-29.0,17702,Alcyone (Pleiadi),2.86775871,SALTO_STAGIONALE,g.14 <- g.363
-29.0,44127,Talitha,3.08446525,DIVENTA_CIRCUMPOLARE,
-29.0,23685,Ping,3.17607786,SALTO_STAGIONALE,g.126 <- g.232
-29.0,50801,Tania Australis,3.18512483,DIVENTA_CIRCUMPOLARE,
-29.0,93194,Sulafat,3.25367328,CESSA_CIRCUMPOLARE,
-29.0,50372,Tania Borealis,3.43684092,DIVENTA_CIRCUMPOLARE,
-29.0,6537,HIP 6537,3.56951986,SALTO_STAGIONALE,g.12 <- g.354
-29.0,17378,Rana,3.58687469,SALTO_STAGIONALE,g.104 <- g.255
-29.0,37819,HIP 37819,3.59753257,SALTO_STAGIONALE,g.162 <- g.205
-29.0,77233,Zhou,3.6633514,CESSA_CIRCUMPOLARE,
-29.0,38414,HIP 38414,3.69911018,SALTO_STAGIONALE,g.169 <- g.200
-29.0,17499,Electra,3.70130296,SALTO_STAGIONALE,g.17 <- g.365
-29.0,87933,HIP 87933,3.70163496,CESSA_CIRCUMPOLARE,
-29.0,23453,Saclateni,3.7387572,SALTO_STAGIONALE,g.4 <- g.355
-29.0,9487,Alrescha,3.8068134,SALTO_STAGIONALE,g.12 <- g.357
-29.0,92420,Sheliak,3.80729086,CESSA_CIRCUMPOLARE,
-29.0,80170,HIP 80170,3.83549092,CESSA_CIRCUMPOLARE,
-29.0,88794,HIP 88794,3.85090548,CESSA_CIRCUMPOLARE,
-29.0,17573,Maia,3.86644037,SALTO_STAGIONALE,g.18 <- g.365
-29.0,32759,HIP 32759,3.8953422,SALTO_STAGIONALE,g.154 <- g.205
-29.0,9598,Gang,3.9844778,DIVENTA_CIRCUMPOLARE,
-30.0,33579,Adhara,1.48632622,SALTO_STAGIONALE,g.141 <- g.217
-30.0,25428,Elnath,1.63482719,SALTO_STAGIONALE,g.15 <- g.364
-30.0,34444,Wezen,1.82504669,SALTO_STAGIONALE,g.134 <- g.217
-30.0,39429,Naos,2.25113655,SALTO_STAGIONALE,g.163 <- g.200
-30.0,35904,Aludra,2.44320596,SALTO_STAGIONALE,g.141 <- g.212
-30.0,14135,Menkar,2.5500224,SALTO_STAGIONALE,g.20 <- g.365
-30.0,25985,Arneb,2.57904644,SALTO_STAGIONALE,g.119 <- g.243
-30.0,28380,Mahasim,2.60778748,SALTO_STAGIONALE,g.8 <- g.358
-30.0,23015,Hassaleh,2.68397466,SALTO_STAGIONALE,g.3 <- g.352
-30.0,18543,Zaurak,2.87460286,SALTO_STAGIONALE,g.96 <- g.253
-30.0,24305,Bade,3.15405278,SALTO_STAGIONALE,g.115 <- g.255
-30.0,41704,Muscida,3.34540569,DIVENTA_CIRCUMPOLARE,
-30.0,16537,Ran,3.35751629,SALTO_STAGIONALE,g.92 <- g.271
-30.0,33856,Nganurganity,3.45998676,SALTO_STAGIONALE,g.142 <- g.220
-30.0,12706,Kaffaljidhma,3.48389843,SALTO_STAGIONALE,g.16 <- g.360
-30.0,112724,HIP 112724,3.54342359,DIVENTA_CIRCUMPOLARE,
-30.0,17847,Atlas,3.61515606,SALTO_STAGIONALE,g.1 <- g.349
-30.0,27072,HIP 27072,3.6659802,SALTO_STAGIONALE,g.125 <- g.236
-30.0,8645,Baten Kaitos,3.71683414,SALTO_STAGIONALE,g.21 <- g.360
-30.0,71795,HIP 71795,3.7893155,CESSA_CIRCUMPOLARE,
-31.0,24436,Rigel,0.09425812,SALTO_STAGIONALE,g.88 <- g.267
-31.0,21421,Aldebaran,0.6650712,SALTO_STAGIONALE,g.4 <- g.351
-31.0,102098,Deneb,1.24676188,CESSA_CIRCUMPOLARE,
-31.0,30324,Mirzam,1.95958876,SALTO_STAGIONALE,g.120 <- g.224
-31.0,86032,Rasalhague,2.018898,CESSA_CIRCUMPOLARE,
-31.0,100453,Sadr,2.20897833,CESSA_CIRCUMPOLARE,
-31.0,54539,HIP 54539,3.0105885,DIVENTA_CIRCUMPOLARE,
-31.0,33977,HIP 33977,3.02855647,SALTO_STAGIONALE,g.134 <- g.234
-31.0,95947,Albireo,3.0957443,CESSA_CIRCUMPOLARE,
-31.0,46853,HIP 46853,3.13499619,DIVENTA_CIRCUMPOLARE,
-31.0,20894,Chamukuy (Iadi),3.33626516,SALTO_STAGIONALE,g.17 <- g.363
-31.0,18724,Bibing,3.43949252,SALTO_STAGIONALE,g.16 <- g.361
-31.0,20889,Ain,3.47049606,SALTO_STAGIONALE,g.9 <- g.355
-31.0,27288,Darlugal,3.47933738,SALTO_STAGIONALE,g.118 <- g.250
-31.0,83000,HIP 83000,3.54055277,CESSA_CIRCUMPOLARE,
-31.0,20205,Prima Hyadum,3.57424673,SALTO_STAGIONALE,g.15 <- g.360
-31.0,27654,HIP 27654,3.57754501,SALTO_STAGIONALE,g.117 <- g.241
-31.0,84345,Rasalgethi,3.60153307,CESSA_CIRCUMPOLARE,
-31.0,15900,HIP 15900,3.62535378,SALTO_STAGIONALE,g.6 <- g.350
-31.0,20455,Secunda Hyadum,3.69851654,SALTO_STAGIONALE,g.12 <- g.358
-31.0,46733,HIP 46733,3.70459425,DIVENTA_CIRCUMPOLARE,
-31.0,16083,HIP 16083,3.7059528,SALTO_STAGIONALE,g.3 <- g.347
-31.0,8645,Baten Kaitos,3.71658124,SALTO_STAGIONALE,g.360 <- g.330
-31.0,28103,HIP 28103,3.72272458,SALTO_STAGIONALE,g.119 <- g.234
-31.0,44511,HIP 44511,3.72970058,SALTO_STAGIONALE,g.168 <- g.205
-31.0,48319,HIP 48319,3.73252154,DIVENTA_CIRCUMPOLARE,
-31.0,37229,HIP 37229,3.79984145,SALTO_STAGIONALE,g.137 <- g.216
-31.0,76276,HIP 76276,3.83276603,CESSA_CIRCUMPOLARE,
-31.0,35037,HIP 35037,3.88399495,SALTO_STAGIONALE,g.141 <- g.225
-32.0,36850,Castor,1.63532033,SALTO_STAGIONALE,g.7 <- g.357
-32.0,27366,Saiph,2.05718469,SALTO_STAGIONALE,g.104 <- g.267
-32.0,44816,Suhail,2.19563911,SALTO_STAGIONALE,g.156 <- g.209
-32.0,53910,Merak,2.39991148,DIVENTA_CIRCUMPOLARE,
-32.0,77070,Unukalhai,2.59128447,CESSA_CIRCUMPOLARE,
-32.0,26241,Hatysa,2.76675613,SALTO_STAGIONALE,g.92 <- g.254
-32.0,23875,Cursa,2.80940254,SALTO_STAGIONALE,g.84 <- g.263
-32.0,26451,Tianguan,3.00891448,SALTO_STAGIONALE,g.14 <- g.360
-32.0,38170,Azmidi,3.3425466,SALTO_STAGIONALE,g.132 <- g.237
-32.0,116727,Errai,3.42789314,DIVENTA_CIRCUMPOLARE,
-32.0,48774,HIP 48774,3.47800758,SALTO_STAGIONALE,g.172 <- g.204
-32.0,33018,HIP 33018,3.55613988,SALTO_STAGIONALE,g.3 <- g.352
-32.0,24674,HIP 24674,3.58086441,SALTO_STAGIONALE,g.96 <- g.273
-32.0,104060,HIP 104060,3.70421786,CESSA_CIRCUMPOLARE,
-32.0,57399,Taiyangshou,3.72310726,DIVENTA_CIRCUMPOLARE,
-32.0,53229,Praecipua,3.77823179,SALTO_STAGIONALE,g.5 <- g.360
-32.0,88771,HIP 88771,3.79108517,CESSA_CIRCUMPOLARE,
-32.0,45688,HIP 45688,3.8130298,SALTO_STAGIONALE,g.10 <- g.362
-32.0,18907,HIP 18907,3.91113373,SALTO_STAGIONALE,g.19 <- g.361
-32.0,21444,HIP 21444,3.92459809,SALTO_STAGIONALE,g.76 <- g.298
-32.0,103413,HIP 103413,3.95552391,CESSA_CIRCUMPOLARE,
-32.0,22109,HIP 22109,4.00507053,SALTO_STAGIONALE,g.78 <- g.273
-33.0,37826,Pollux,1.14864628,SALTO_STAGIONALE,g.8 <- g.357
-33.0,26311,Alnilam,1.69067585,SALTO_STAGIONALE,g.70 <- g.270
-33.0,26727,Alnitak (Cin.Orione),1.75958638,SALTO_STAGIONALE,g.74 <- g.274
-33.0,54061,Dubhe,1.81887229,DIVENTA_CIRCUMPOLARE,
-33.0,25930,Mintaka,2.24413455,SALTO_STAGIONALE,g.67 <- g.296
-33.0,58001,Phecda,2.47141905,DIVENTA_CIRCUMPOLARE,
-33.0,102488,Aljanah,2.54375295,CESSA_CIRCUMPOLARE,
-33.0,39757,Tureis,2.61175013,SALTO_STAGIONALE,g.130 <- g.223
-33.0,67927,Muphrid,2.68475629,DIVENTA_CIRCUMPOLARE,
-33.0,86742,Cebalrai,2.80710573,CESSA_CIRCUMPOLARE,
-33.0,30343,Tejat,2.82968808,SALTO_STAGIONALE,g.3 <- g.350
-33.0,22449,Tabit,2.94845156,SALTO_STAGIONALE,g.7 <- g.347
-33.0,32246,Mebsuta,2.99700262,SALTO_STAGIONALE,g.6 <- g.353
-33.0,93747,Okab,3.05932129,CESSA_CIRCUMPOLARE,
-33.0,45860,HIP 45860,3.10015948,SALTO_STAGIONALE,g.6 <- g.357
-33.0,25281,HIP 25281,3.34756968,SALTO_STAGIONALE,g.80 <- g.268
-33.0,98337,HIP 98337,3.51185827,CESSA_CIRCUMPOLARE,
-33.0,55219,Alula Borealis,3.51274605,SALTO_STAGIONALE,g.4 <- g.359
-33.0,29655,Propus,3.63756828,SALTO_STAGIONALE,g.8 <- g.354
-33.0,42828,HIP 42828,3.6741179,SALTO_STAGIONALE,g.144 <- g.214
-33.0,30867,HIP 30867,3.75375457,SALTO_STAGIONALE,g.102 <- g.261
-33.0,36046,HIP 36046,3.77596227,SALTO_STAGIONALE,g.11 <- g.359
-33.0,97365,HIP 97365,3.77884177,CESSA_CIRCUMPOLARE,
-33.0,87108,Bake-eo,3.77911584,CESSA_CIRCUMPOLARE,
-33.0,80883,Marfik,3.83949902,CESSA_CIRCUMPOLARE,
-33.0,26549,HIP 26549,3.84294515,SALTO_STAGIONALE,g.86 <- g.278
-33.0,88192,HIP 88192,3.96050399,SALTO_STAGIONALE,g.136 <- g.105
-33.0,26551,HIP 26551,6.81200008,SALTO_STAGIONALE,g.98 <- g.284
-34.0,32349,Sirius,-1.1735669,SALTO_STAGIONALE,g.83 <- g.267
-34.0,27989,Betelgeuse,0.85900475,SALTO_STAGIONALE,g.21 <- g.366
-34.0,25336,Bellatrix,1.61712654,SALTO_STAGIONALE,g.15 <- g.356
-34.0,62956,Alioth,1.79258491,DIVENTA_CIRCUMPOLARE,
-34.0,31681,Alhena,1.9581918,SALTO_STAGIONALE,g.5 <- g.351
-34.0,11767,Polaris,2.00053307,DIVENTA_CIRCUMPOLARE,
-34.0,77070,Unukalhai,2.59080794,DIVENTA_CIRCUMPOLARE,
-34.0,97278,Tarazed,2.71863435,CESSA_CIRCUMPOLARE,
-34.0,63125,Cor Caroli,2.90050706,DIVENTA_CIRCUMPOLARE,
-34.0,104732,HIP 104732,3.17551254,CESSA_CIRCUMPOLARE,
-34.0,89962,HIP 89962,3.24416291,CESSA_CIRCUMPOLARE,
-34.0,59774,Megrez,3.3529309,DIVENTA_CIRCUMPOLARE,
-34.0,26207,Meissa,3.38316792,SALTO_STAGIONALE,g.12 <- g.353
-34.0,109492,HIP 109492,3.40503584,CESSA_CIRCUMPOLARE,
-34.0,35550,Wasat,3.49938767,SALTO_STAGIONALE,g.9 <- g.355
-34.0,37740,HIP 37740,3.53942518,SALTO_STAGIONALE,g.6 <- g.353
-34.0,46651,HIP 46651,3.56315916,SALTO_STAGIONALE,g.148 <- g.212
-34.0,22549,HIP 22549,3.6737763,SALTO_STAGIONALE,g.6 <- g.343
-34.0,22797,HIP 22797,3.70182797,SALTO_STAGIONALE,g.28 <- g.364
-34.0,71795,HIP 71795,3.79023846,DIVENTA_CIRCUMPOLARE,
-34.0,51232,HIP 51232,3.81622703,SALTO_STAGIONALE,g.169 <- g.205
-34.0,104887,HIP 104887,3.8327217,CESSA_CIRCUMPOLARE,
-34.0,56211,Giausar,3.84108583,DIVENTA_CIRCUMPOLARE,
-34.0,98036,Alshain,3.94693347,CESSA_CIRCUMPOLARE,
-34.0,88192,HIP 88192,3.96051846,CESSA_CIRCUMPOLARE,
-35.0,37279,Procyon,0.52413224,SALTO_STAGIONALE,g.9 <- g.356
-35.0,97649,Altair,1.15802112,CESSA_CIRCUMPOLARE,
-35.0,65378,Mizar,2.07895838,DIVENTA_CIRCUMPOLARE,
-35.0,50583,Algieba,2.08790769,SALTO_STAGIONALE,g.11 <- g.360
-35.0,54872,Zosma,2.65193144,SALTO_STAGIONALE,g.13 <- g.363
-35.0,52727,HIP 52727,2.67740027,SALTO_STAGIONALE,g.145 <- g.205
-35.0,47908,HIP 47908,2.97441589,SALTO_STAGIONALE,g.6 <- g.355
-35.0,32362,Alzirr,3.24525541,SALTO_STAGIONALE,g.2 <- g.345
-35.0,50335,Adhafera,3.44918222,SALTO_STAGIONALE,g.11 <- g.360
-35.0,95501,HIP 95501,3.51590135,CESSA_CIRCUMPOLARE,
-35.0,112724,HIP 112724,3.54730591,CESSA_CIRCUMPOLARE,
-35.0,35350,HIP 35350,3.62283131,SALTO_STAGIONALE,g.6 <- g.350
-35.0,101769,Rotanev,3.70001863,CESSA_CIRCUMPOLARE,
-35.0,22797,HIP 22797,3.70165628,SALTO_STAGIONALE,g.364 <- g.328
-35.0,53253,HIP 53253,3.75284456,SALTO_STAGIONALE,g.165 <- g.207
-35.0,101958,Sualocin,3.77504342,CESSA_CIRCUMPOLARE,
-35.0,71795,HIP 71795,3.7904695,SALTO_STAGIONALE,g.5 <- g.366
-35.0,111169,Stellio,3.79116653,CESSA_CIRCUMPOLARE,
-35.0,50191,HIP 50191,3.82442841,SALTO_STAGIONALE,g.140 <- g.226
-35.0,76276,HIP 76276,3.83672407,DIVENTA_CIRCUMPOLARE,
-35.0,80883,Marfik,3.84084576,DIVENTA_CIRCUMPOLARE,
-35.0,61281,HIP 61281,3.86867859,DIVENTA_CIRCUMPOLARE,
-35.0,101421,Aldulfin,4.04610939,CESSA_CIRCUMPOLARE,
-36.0,67301,Alkaid,1.88973011,DIVENTA_CIRCUMPOLARE,
-36.0,57632,Denebola,2.14708993,SALTO_STAGIONALE,g.12 <- g.363
-36.0,746,Caph,2.22226737,CESSA_CIRCUMPOLARE,
-36.0,72105,Izar,2.3978556,DIVENTA_CIRCUMPOLARE,
-36.0,36188,Gomeisa,2.85638425,SALTO_STAGIONALE,g.18 <- g.360
-36.0,56561,HIP 56561,3.11102182,SALTO_STAGIONALE,g.156 <- g.201
-36.0,71075,Seginus,3.15494538,DIVENTA_CIRCUMPOLARE,
-36.0,54879,Chertan,3.32152213,SALTO_STAGIONALE,g.17 <- g.366
-36.0,3821,Achird,3.37723637,CESSA_CIRCUMPOLARE,
-36.0,49583,HIP 49583,3.51786361,SALTO_STAGIONALE,g.15 <- g.362
-36.0,71053,Kalasungsang,3.60471755,DIVENTA_CIRCUMPOLARE,
-36.0,77233,Zhou,3.66370138,DIVENTA_CIRCUMPOLARE,
-36.0,22797,HIP 22797,3.70148457,SALTO_STAGIONALE,g.328 <- g.296
-36.0,51986,HIP 51986,3.77953351,SALTO_STAGIONALE,g.147 <- g.226
-36.0,109176,HIP 109176,3.81874851,CESSA_CIRCUMPOLARE,
-36.0,41307,HIP 41307,3.87669439,SALTO_STAGIONALE,g.83 <- g.288
-36.0,55425,HIP 55425,3.8889668,SALTO_STAGIONALE,g.147 <- g.210
-37.0,49669,Regulus,1.34132705,SALTO_STAGIONALE,g.4 <- g.351
-37.0,46390,Alphard,1.98393747,SALTO_STAGIONALE,g.81 <- g.266
-37.0,76267,Alphecca,2.21562375,DIVENTA_CIRCUMPOLARE,
-37.0,63608,Vindemiatrix,2.86689518,SALTO_STAGIONALE,g.13 <- g.364
-37.0,112158,Matar,2.94182699,CESSA_CIRCUMPOLARE,
-37.0,116727,Errai,3.45855085,CESSA_CIRCUMPOLARE,
-37.0,47508,Subra,3.46355276,SALTO_STAGIONALE,g.16 <- g.362
-37.0,63613,HIP 63613,3.49350273,SALTO_STAGIONALE,g.160 <- g.197
-37.0,40526,Tarf,3.50866701,SALTO_STAGIONALE,g.6 <- g.348
-37.0,74666,Qigong,3.51639276,DIVENTA_CIRCUMPOLARE,
-37.0,57363,HIP 57363,3.60602267,SALTO_STAGIONALE,g.161 <- g.200
-37.0,113726,Alfarasalkamil,3.63126901,CESSA_CIRCUMPOLARE,
-37.0,68756,Thuban,3.67117379,DIVENTA_CIRCUMPOLARE,
-37.0,116584,Udkadua,3.81519564,CESSA_CIRCUMPOLARE,
-38.0,69673,Arcturus,0.17919193,DIVENTA_CIRCUMPOLARE,
-38.0,60718,Acrux (Cr.Sud),0.78511603,SALTO_STAGIONALE,g.143 <- g.199
-38.0,61084,Gacrux,1.55626359,SALTO_STAGIONALE,g.131 <- g.230
-38.0,107315,Enif,2.09784365,CESSA_CIRCUMPOLARE,
-38.0,113881,Scheat,2.50932919,CESSA_CIRCUMPOLARE,
-38.0,59196,HIP 59196,2.56948518,SALTO_STAGIONALE,g.131 <- g.222
-38.0,77070,Unukalhai,2.58986702,SALTO_STAGIONALE,g.1 <- g.357
-38.0,61585,HIP 61585,2.67609978,SALTO_STAGIONALE,g.153 <- g.203
-38.0,59747,Imai,2.77887961,SALTO_STAGIONALE,g.143 <- g.206
-38.0,86742,Cebalrai,2.81248627,DIVENTA_CIRCUMPOLARE,
-38.0,62322,HIP 62322,3.0045154,SALTO_STAGIONALE,g.151 <- g.201
-38.0,43813,HIP 43813,3.06584048,SALTO_STAGIONALE,g.8 <- g.349
-38.0,52943,HIP 52943,3.1185084,SALTO_STAGIONALE,g.93 <- g.266
-38.0,43109,Ashlesha,3.29922333,SALTO_STAGIONALE,g.3 <- g.344
-38.0,112748,Sadalbari,3.45794211,CESSA_CIRCUMPOLARE,
-38.0,73555,Nekkar,3.53649777,DIVENTA_CIRCUMPOLARE,
-38.0,83000,HIP 83000,3.571673,DIVENTA_CIRCUMPOLARE,
-38.0,60260,Ginan,3.59632654,SALTO_STAGIONALE,g.144 <- g.218
-38.0,75695,Nusakan,3.72583087,DIVENTA_CIRCUMPOLARE,
-38.0,51069,HIP 51069,3.77142924,SALTO_STAGIONALE,g.93 <- g.284
-38.0,87108,Bake-eo,3.78369503,DIVENTA_CIRCUMPOLARE,
-38.0,80170,HIP 80170,3.84572251,DIVENTA_CIRCUMPOLARE,
-38.0,61199,HIP 61199,3.85620015,SALTO_STAGIONALE,g.161 <- g.200
-38.0,76952,Baltesha,3.85760082,DIVENTA_CIRCUMPOLARE,
-38.0,78072,HIP 78072,3.86478322,DIVENTA_CIRCUMPOLARE,
-38.0,51624,Shaomin,3.86777627,SALTO_STAGIONALE,g.6 <- g.351
-38.0,45336,HIP 45336,3.91377038,SALTO_STAGIONALE,g.13 <- g.353
-38.0,59449,HIP 59449,3.94339119,SALTO_STAGIONALE,g.136 <- g.229
-38.0,88192,HIP 88192,3.96057638,DIVENTA_CIRCUMPOLARE,
-38.0,60009,HIP 60009,4.04005181,SALTO_STAGIONALE,g.153 <- g.206
-39.0,62434,Mimosa,1.23639471,SALTO_STAGIONALE,g.138 <- g.209
-39.0,11767,Polaris,2.00200288,CESSA_CIRCUMPOLARE,
-39.0,86032,Rasalhague,2.00438414,DIVENTA_CIRCUMPOLARE,
-39.0,61932,HIP 61932,2.21397676,SALTO_STAGIONALE,g.121 <- g.226
-39.0,3179,Schedar,2.23014369,CESSA_CIRCUMPOLARE,
-39.0,4427,Tiansi,2.30370242,CESSA_CIRCUMPOLARE,
-39.0,6686,Ruchbah,2.6623081,CESSA_CIRCUMPOLARE,
-39.0,80816,Kornephoros,2.83190298,DIVENTA_CIRCUMPOLARE,
-39.0,63090,Minelauva,3.42033375,SALTO_STAGIONALE,g.6 <- g.355
-39.0,95501,HIP 95501,3.53234225,DIVENTA_CIRCUMPOLARE,
-39.0,56343,HIP 56343,3.55337747,SALTO_STAGIONALE,g.110 <- g.266
-39.0,49841,HIP 49841,3.56246316,SALTO_STAGIONALE,g.80 <- g.295
-39.0,57757,Zavijava,3.58070064,SALTO_STAGIONALE,g.3 <- g.348
-39.0,84345,Rasalgethi,3.60673216,DIVENTA_CIRCUMPOLARE,
-39.0,2920,Fulu,3.66904566,CESSA_CIRCUMPOLARE,
-39.0,77622,HIP 77622,3.74930894,SALTO_STAGIONALE,g.4 <- g.358
-39.0,72220,Maenalus,3.76123267,SALTO_STAGIONALE,g.12 <- g.363
-39.0,88771,HIP 88771,3.80351797,DIVENTA_CIRCUMPOLARE,
-39.0,80883,Marfik,3.84354046,SALTO_STAGIONALE,g.5 <- g.361
-39.0,61622,HIP 61622,3.8644126,SALTO_STAGIONALE,g.124 <- g.226
-39.0,60823,HIP 60823,3.90327178,SALTO_STAGIONALE,g.132 <- g.226
-39.0,63003,HIP 63003,4.02188301,SALTO_STAGIONALE,g.137 <- g.227
-40.0,68702,Hadar,0.60549085,SALTO_STAGIONALE,g.125 <- g.218
-40.0,97649,Altair,1.20736875,DIVENTA_CIRCUMPOLARE,
-40.0,677,Alpheratz,2.11136653,CESSA_CIRCUMPOLARE,
-40.0,66657,HIP 66657,2.30088068,SALTO_STAGIONALE,g.121 <- g.222
-40.0,113963,Markab,2.4922533,CESSA_CIRCUMPOLARE,
-40.0,79593,Yed Prior,2.7723686,SALTO_STAGIONALE,g.9 <- g.361
-40.0,61941,Porrima,2.90087453,SALTO_STAGIONALE,g.7 <- g.355
-40.0,89962,HIP 89962,3.24755294,DIVENTA_CIRCUMPOLARE,
-40.0,81693,Tianji,3.35240531,DIVENTA_CIRCUMPOLARE,
-40.0,8886,Segin,3.37333931,CESSA_CIRCUMPOLARE,
-40.0,112029,Homam,3.39613037,CESSA_CIRCUMPOLARE,
-40.0,66249,Heze,3.40371642,SALTO_STAGIONALE,g.6 <- g.355
-40.0,55282,HIP 55282,3.56966843,SALTO_STAGIONALE,g.79 <- g.275
-40.0,72370,Paradys,3.82668516,SALTO_STAGIONALE,g.158 <- g.206
-40.0,71957,HIP 71957,3.8701211,SALTO_STAGIONALE,g.11 <- g.361
-40.0,60129,Zaniah,3.8843219,SALTO_STAGIONALE,g.5 <- g.351
-40.0,9598,Gang,3.99172561,CESSA_CIRCUMPOLARE,
-41.0,65474,Spica,0.97488164,SALTO_STAGIONALE,g.9 <- g.357
-41.0,5447,Mirach,2.04957961,CESSA_CIRCUMPOLARE,
-41.0,68002,Leepwal,2.53994279,SALTO_STAGIONALE,g.109 <- g.259
-41.0,74785,Zubeneschamali,2.67288183,SALTO_STAGIONALE,g.15 <- g.364
-41.0,74946,HIP 74946,2.87716558,SALTO_STAGIONALE,g.135 <- g.213
-41.0,59316,HIP 59316,2.99628631,SALTO_STAGIONALE,g.79 <- g.274
-41.0,71908,Xami,3.15618393,SALTO_STAGIONALE,g.127 <- g.235
-41.0,79882,Yed Posterior,3.26420679,SALTO_STAGIONALE,g.8 <- g.360
-41.0,84379,Sarin,3.28051119,DIVENTA_CIRCUMPOLARE,
-41.0,3092,HIP 3092,3.29237353,CESSA_CIRCUMPOLARE,
-41.0,75458,Edasich,3.32399749,DIVENTA_CIRCUMPOLARE,
-41.0,81833,HIP 81833,3.47209636,DIVENTA_CIRCUMPOLARE,
-41.0,7607,Nembus,3.5438367,CESSA_CIRCUMPOLARE,
-41.0,77516,HIP 77516,3.55969175,SALTO_STAGIONALE,g.2 <- g.353
-41.0,4436,HIP 4436,3.84453328,CESSA_CIRCUMPOLARE,
-41.0,79992,Asuusiha,3.91087484,DIVENTA_CIRCUMPOLARE,
-41.0,83207,Khepdenreret,3.96199751,DIVENTA_CIRCUMPOLARE,
-41.0,8068,Dajiangjunbei,4.06162506,CESSA_CIRCUMPOLARE,
-42.0,82273,Atria,1.91275596,SALTO_STAGIONALE,g.129 <- g.223
-42.0,9640,Almach,2.26951367,CESSA_CIRCUMPOLARE,
-42.0,71860,Uridim,2.29965497,SALTO_STAGIONALE,g.103 <- g.243
-42.0,81377,HIP 81377,2.57754123,SALTO_STAGIONALE,g.11 <- g.362
-42.0,61359,Kraz,2.66315624,SALTO_STAGIONALE,g.66 <- g.311
-42.0,97278,Tarazed,2.71877767,DIVENTA_CIRCUMPOLARE,
-42.0,65109,Kulou,2.75555887,SALTO_STAGIONALE,g.91 <- g.278
-42.0,72622,Zubenelgenubi,2.78939799,SALTO_STAGIONALE,g.17 <- g.365
-42.0,60965,Algorab,2.91448275,SALTO_STAGIONALE,g.19 <- g.361
-42.0,14328,HIP 14328,2.92656038,CESSA_CIRCUMPOLARE,
-42.0,93747,Okab,3.07786486,DIVENTA_CIRCUMPOLARE,
-42.0,67472,HIP 67472,3.18351823,SALTO_STAGIONALE,g.108 <- g.245
-42.0,84380,Nuchuang,3.18509845,DIVENTA_CIRCUMPOLARE,
-42.0,112029,Homam,3.39567315,DIVENTA_CIRCUMPOLARE,
-42.0,67464,Heng,3.39896749,SALTO_STAGIONALE,g.106 <- g.244
-42.0,69996,HIP 69996,3.5332301,SALTO_STAGIONALE,g.109 <- g.263
-42.0,87933,HIP 87933,3.70284172,DIVENTA_CIRCUMPOLARE,
-42.0,13268,Miram,3.76743702,CESSA_CIRCUMPOLARE,
-42.0,68245,HIP 68245,3.81508919,SALTO_STAGIONALE,g.106 <- g.248
-42.0,88794,HIP 88794,3.8587858,DIVENTA_CIRCUMPOLARE,
-42.0,68282,HIP 68282,3.86148081,SALTO_STAGIONALE,g.113 <- g.254
-42.0,98036,Alshain,3.99595896,DIVENTA_CIRCUMPOLARE,
-42.0,71536,HIP 71536,4.02876391,SALTO_STAGIONALE,g.113 <- g.249
-42.0,101421,Aldulfin,4.04877232,DIVENTA_CIRCUMPOLARE,
-43.0,15863,Mirfak,1.79654436,CESSA_CIRCUMPOLARE,
-43.0,107315,Enif,2.09757814,DIVENTA_CIRCUMPOLARE,
-43.0,71352,HIP 71352,2.35633088,SALTO_STAGIONALE,g.95 <- g.254
-43.0,59803,Gienah,2.59020577,SALTO_STAGIONALE,g.20 <- g.353
-43.0,73273,HIP 73273,2.67697786,SALTO_STAGIONALE,g.93 <- g.262
-43.0,77952,HIP 77952,2.81689495,SALTO_STAGIONALE,g.117 <- g.239
-43.0,10064,Alaybasan,2.97967066,CESSA_CIRCUMPOLARE,
-43.0,73334,HIP 73334,3.1262282,SALTO_STAGIONALE,g.92 <- g.261
-43.0,88048,HIP 88048,3.30468927,SALTO_STAGIONALE,g.6 <- g.358
-43.0,74395,HIP 74395,3.43445869,SALTO_STAGIONALE,g.112 <- g.239
-43.0,93805,HIP 93805,3.46095369,SALTO_STAGIONALE,g.8 <- g.361
-43.0,98337,HIP 98337,3.52008547,DIVENTA_CIRCUMPOLARE,
-43.0,107089,HIP 107089,3.58417567,SALTO_STAGIONALE,g.144 <- g.207
-43.0,101769,Rotanev,3.71291621,DIVENTA_CIRCUMPOLARE,
-43.0,14668,Misam,3.7201021,CESSA_CIRCUMPOLARE,
-43.0,82363,HIP 82363,3.7424702,SALTO_STAGIONALE,g.117 <- g.252
-43.0,101958,Sualocin,3.77597203,DIVENTA_CIRCUMPOLARE,
-43.0,97365,HIP 97365,3.77851134,DIVENTA_CIRCUMPOLARE,
-43.0,74376,HIP 74376,3.83892954,SALTO_STAGIONALE,g.106 <- g.256
-43.0,73807,HIP 73807,3.88737361,SALTO_STAGIONALE,g.106 <- g.250
-44.0,91262,Vega,0.21606348,DIVENTA_CIRCUMPOLARE,
-44.0,14576,Algol,2.29512898,CESSA_CIRCUMPOLARE,
-44.0,78401,Dschubba,2.32081606,SALTO_STAGIONALE,g.10 <- g.357
-44.0,84012,Sabik,2.43964336,SALTO_STAGIONALE,g.4 <- g.353
-44.0,113963,Markab,2.4927779,DIVENTA_CIRCUMPOLARE,
-44.0,78820,Acrab,2.56185689,SALTO_STAGIONALE,g.2 <- g.349
-44.0,59803,Gienah,2.59046169,SALTO_STAGIONALE,g.353 <- g.317
-44.0,64962,Naga,3.00538796,SALTO_STAGIONALE,g.19 <- g.352
-44.0,17358,Sarvvis,3.00752243,CESSA_CIRCUMPOLARE,
-44.0,95947,Albireo,3.10191759,DIVENTA_CIRCUMPOLARE,
-44.0,83081,HIP 83081,3.12462204,SALTO_STAGIONALE,g.110 <- g.247
-44.0,68895,HIP 68895,3.17870047,SALTO_STAGIONALE,g.24 <- g.364
-44.0,75141,HIP 75141,3.21588334,SALTO_STAGIONALE,g.85 <- g.293
-44.0,93194,Sulafat,3.25689514,DIVENTA_CIRCUMPOLARE,
-44.0,99473,Antinous,3.27750035,SALTO_STAGIONALE,g.5 <- g.360
-44.0,73714,Brachium,3.29888863,SALTO_STAGIONALE,g.21 <- g.365
-44.0,85267,HIP 85267,3.32483125,SALTO_STAGIONALE,g.110 <- g.257
-44.0,75264,HIP 75264,3.36790076,SALTO_STAGIONALE,g.98 <- g.275
-44.0,8796,Mothallah,3.50234467,CESSA_CIRCUMPOLARE,
-44.0,85727,HIP 85727,3.59687525,SALTO_STAGIONALE,g.117 <- g.241
-44.0,86929,HIP 86929,3.61504945,SALTO_STAGIONALE,g.127 <- g.228
-44.0,86974,HIP 86974,3.61785413,DIVENTA_CIRCUMPOLARE,
-44.0,86263,HIP 86263,3.68705115,SALTO_STAGIONALE,g.9 <- g.358
-44.0,14354,HIP 14354,3.74079378,CESSA_CIRCUMPOLARE,
-44.0,92420,Sheliak,3.81081023,DIVENTA_CIRCUMPOLARE,
-44.0,78933,HIP 78933,3.95928128,SALTO_STAGIONALE,g.12 <- g.358
-44.0,98495,HIP 98495,3.98207176,SALTO_STAGIONALE,g.139 <- g.222
-44.0,71865,HIP 71865,3.99577022,SALTO_STAGIONALE,g.87 <- g.273
-44.0,19343,HIP 19343,4.03356067,CESSA_CIRCUMPOLARE,
-45.0,24608,Capella,-0.16124144,CESSA_CIRCUMPOLARE,
-45.0,80763,Antares,1.02188237,SALTO_STAGIONALE,g.4 <- g.351
-45.0,71683,Rigil Kentaurus,1.29980737,SALTO_STAGIONALE,g.105 <- g.258
-45.0,68933,Menkent,2.07765498,SALTO_STAGIONALE,g.22 <- g.360
-45.0,102488,Aljanah,2.56170529,DIVENTA_CIRCUMPOLARE,
-45.0,76297,HIP 76297,2.79818897,SALTO_STAGIONALE,g.83 <- g.267
-45.0,2021,HIP 2021,2.80741008,SALTO_STAGIONALE,g.112 <- g.253
-45.0,81266,Paikauhale,2.82059824,SALTO_STAGIONALE,g.21 <- g.366
-45.0,85258,HIP 85258,2.84023191,SALTO_STAGIONALE,g.111 <- g.253
-45.0,80112,Alniyat,2.90595015,SALTO_STAGIONALE,g.9 <- g.354
-45.0,78265,Fang,2.90907416,SALTO_STAGIONALE,g.7 <- g.352
-45.0,64962,Naga,3.00570742,SALTO_STAGIONALE,g.352 <- g.316
-45.0,68895,HIP 68895,3.17681522,SALTO_STAGIONALE,g.364 <- g.333
-45.0,84970,HIP 84970,3.27059624,SALTO_STAGIONALE,g.19 <- g.366
-45.0,102395,HIP 102395,3.40772857,SALTO_STAGIONALE,g.131 <- g.235
-45.0,76470,HIP 76470,3.63600521,SALTO_STAGIONALE,g.21 <- g.363
-45.0,68756,Thuban,3.67410106,CESSA_CIRCUMPOLARE,
-45.0,28358,Bagu,3.70013748,CESSA_CIRCUMPOLARE,
-45.0,17529,HIP 17529,3.78374794,CESSA_CIRCUMPOLARE,
-45.0,86414,HIP 86414,3.81356281,DIVENTA_CIRCUMPOLARE,
-45.0,56211,Giausar,3.8396094,CESSA_CIRCUMPOLARE,
-45.0,61281,HIP 61281,3.870522,CESSA_CIRCUMPOLARE,
-46.0,54061,Dubhe,1.82613624,CESSA_CIRCUMPOLARE,
-46.0,100751,Peacock,1.93654717,SALTO_STAGIONALE,g.107 <- g.236
-46.0,68933,Menkent,2.07877871,SALTO_STAGIONALE,g.360 <- g.326
-46.0,82396,Larawag,2.33005428,SALTO_STAGIONALE,g.19 <- g.365
-46.0,113881,Scheat,2.50772658,DIVENTA_CIRCUMPOLARE,
-46.0,61359,Kraz,2.66454426,SALTO_STAGIONALE,g.311 <- g.278
-46.0,110130,Lang-Exster,2.79717382,SALTO_STAGIONALE,g.125 <- g.216
-46.0,9236,HIP 9236,2.82708658,SALTO_STAGIONALE,g.153 <- g.203
-46.0,85792,HIP 85792,2.87733071,SALTO_STAGIONALE,g.96 <- g.269
-46.0,18532,Aldu,2.88759461,CESSA_CIRCUMPOLARE,
-46.0,94141,Albaldah,2.90658928,SALTO_STAGIONALE,g.16 <- g.364
-46.0,90496,Kaus Borealis,3.01495878,SALTO_STAGIONALE,g.12 <- g.359
-46.0,104732,HIP 104732,3.16528635,DIVENTA_CIRCUMPOLARE,
-46.0,75458,Edasich,3.32780421,CESSA_CIRCUMPOLARE,
-46.0,41704,Muscida,3.33360728,CESSA_CIRCUMPOLARE,
-46.0,112029,Homam,3.39476221,SALTO_STAGIONALE,g.10 <- g.366
-46.0,78384,HIP 78384,3.41381992,SALTO_STAGIONALE,g.60 <- g.295
-46.0,112748,Sadalbari,3.45109913,DIVENTA_CIRCUMPOLARE,
-46.0,93085,HIP 93085,3.53184117,SALTO_STAGIONALE,g.15 <- g.363
-46.0,109427,Biham,3.55315792,SALTO_STAGIONALE,g.8 <- g.363
-46.0,75177,HIP 75177,3.59513428,SALTO_STAGIONALE,g.46 <- g.306
-46.0,103227,HIP 103227,3.64600488,SALTO_STAGIONALE,g.118 <- g.252
-46.0,76600,HIP 76600,3.6480294,SALTO_STAGIONALE,g.4 <- g.343
-46.0,88714,HIP 88714,3.67794162,SALTO_STAGIONALE,g.99 <- g.257
-46.0,93683,HIP 93683,3.69866079,SALTO_STAGIONALE,g.18 <- g.365
-46.0,46733,HIP 46733,3.70690425,CESSA_CIRCUMPOLARE,
-46.0,89341,Polis,3.82005758,SALTO_STAGIONALE,g.4 <- g.351
-46.0,109176,HIP 109176,3.83315619,DIVENTA_CIRCUMPOLARE,
-46.0,104887,HIP 104887,3.86382013,DIVENTA_CIRCUMPOLARE,
-46.0,78104,Iklil,3.87936211,SALTO_STAGIONALE,g.4 <- g.344
-46.0,99240,HIP 99240,4.01466905,SALTO_STAGIONALE,g.103 <- g.267
-47.0,7588,Achernar,0.41246352,SALTO_STAGIONALE,g.141 <- g.202
-47.0,86228,Sargas,1.85734737,SALTO_STAGIONALE,g.65 <- g.281
-47.0,28360,Menkalinan,1.9783921,CESSA_CIRCUMPOLARE,
-47.0,92855,Nunki,2.08356897,SALTO_STAGIONALE,g.5 <- g.352
-47.0,677,Alpheratz,2.11807208,DIVENTA_CIRCUMPOLARE,
-47.0,100453,Sadr,2.20945265,DIVENTA_CIRCUMPOLARE,
-47.0,89931,Kaus Media,2.71712247,SALTO_STAGIONALE,g.11 <- g.356
-47.0,106278,Sadalsuud,2.89466775,SALTO_STAGIONALE,g.14 <- g.365
-47.0,88635,Alnasl,2.90825609,SALTO_STAGIONALE,g.2 <- g.346
-47.0,112158,Matar,2.94025092,DIVENTA_CIRCUMPOLARE,
-47.0,23416,Almaaz,3.06026936,CESSA_CIRCUMPOLARE,
-47.0,100345,Dabih,3.09740888,SALTO_STAGIONALE,g.9 <- g.358
-47.0,46853,HIP 46853,3.13615729,CESSA_CIRCUMPOLARE,
-47.0,92041,HIP 92041,3.14003647,SALTO_STAGIONALE,g.11 <- g.357
-47.0,23767,Haedus,3.15917735,CESSA_CIRCUMPOLARE,
-47.0,93864,HIP 93864,3.17805859,SALTO_STAGIONALE,g.11 <- g.357
-47.0,3092,HIP 3092,3.29562341,DIVENTA_CIRCUMPOLARE,
-47.0,59774,Megrez,3.36733688,CESSA_CIRCUMPOLARE,
-47.0,90422,HIP 90422,3.49544771,SALTO_STAGIONALE,g.83 <- g.281
-47.0,8796,Mothallah,3.5080406,DIVENTA_CIRCUMPOLARE,
-47.0,100064,Algedi,3.56795056,SALTO_STAGIONALE,g.4 <- g.353
-47.0,48319,HIP 48319,3.70151786,CESSA_CIRCUMPOLARE,
-47.0,102618,Albali,3.80077073,SALTO_STAGIONALE,g.8 <- g.358
-47.0,95168,HIP 95168,3.91780513,SALTO_STAGIONALE,g.1 <- g.349
-47.0,77634,HIP 77634,3.94744536,SALTO_STAGIONALE,g.2 <- g.336
-47.0,5348,Wurren,3.97122451,SALTO_STAGIONALE,g.142 <- g.217
-47.0,92862,HIP 92862,4.66233403,DIVENTA_CIRCUMPOLARE,
-48.0,85927,Shaula,1.62196632,SALTO_STAGIONALE,g.7 <- g.345
-48.0,62956,Alioth,1.80419584,CESSA_CIRCUMPOLARE,
-48.0,90185,Kaus Australis,1.87462773,SALTO_STAGIONALE,g.2 <- g.345
-48.0,5447,Mirach,2.05022463,DIVENTA_CIRCUMPOLARE,
-48.0,65378,Mizar,2.08582947,CESSA_CIRCUMPOLARE,
-48.0,53910,Merak,2.4162908,CESSA_CIRCUMPOLARE,
-48.0,86670,HIP 86670,2.41751149,SALTO_STAGIONALE,g.27 <- g.366
-48.0,58001,Phecda,2.48788802,CESSA_CIRCUMPOLARE,
-48.0,93506,Ascella,2.50776879,SALTO_STAGIONALE,g.7 <- g.352
-48.0,85696,Lesath,2.69102469,SALTO_STAGIONALE,g.13 <- g.350
-48.0,97165,Fawaris,2.90693697,DIVENTA_CIRCUMPOLARE,
-48.0,109074,Sadalmelik,2.94007198,SALTO_STAGIONALE,g.3 <- g.355
-48.0,10064,Alaybasan,2.97710781,DIVENTA_CIRCUMPOLARE,
-48.0,44127,Talitha,3.05616961,CESSA_CIRCUMPOLARE,
-48.0,89642,HIP 89642,3.0805461,SALTO_STAGIONALE,g.16 <- g.358
-48.0,82514,Xamidimura,3.085222,SALTO_STAGIONALE,g.14 <- g.345
-48.0,101772,HIP 101772,3.11318536,SALTO_STAGIONALE,g.98 <- g.256
-48.0,87261,Fuyue,3.13320844,SALTO_STAGIONALE,g.21 <- g.359
-48.0,84143,HIP 84143,3.45638841,SALTO_STAGIONALE,g.36 <- g.326
-48.0,112623,HIP 112623,3.49754899,SALTO_STAGIONALE,g.115 <- g.237
-48.0,10602,HIP 10602,3.52488318,SALTO_STAGIONALE,g.145 <- g.206
-48.0,110960,HIP 110960,3.55336789,SALTO_STAGIONALE,g.14 <- g.365
-48.0,82545,Pipirima,3.55916134,SALTO_STAGIONALE,g.16 <- g.346
-48.0,44471,Alkaphrah,3.57815688,SALTO_STAGIONALE,g.148 <- g.116
-48.0,82729,HIP 82729,3.67191081,SALTO_STAGIONALE,g.34 <- g.323
-48.0,23453,Saclateni,3.73800776,CESSA_CIRCUMPOLARE,
-48.0,9007,HIP 9007,3.76768279,SALTO_STAGIONALE,g.142 <- g.222
-48.0,114971,HIP 114971,3.7695111,SALTO_STAGIONALE,g.15 <- g.366
-48.0,4436,HIP 4436,3.8418969,DIVENTA_CIRCUMPOLARE,
-48.0,95241,Arkab Prior,3.92336612,SALTO_STAGIONALE,g.82 <- g.274
-48.0,77634,HIP 77634,3.94727284,SALTO_STAGIONALE,g.336 <- g.305
-48.0,103413,HIP 103413,3.96325998,DIVENTA_CIRCUMPOLARE,
-49.0,102098,Deneb,1.24717752,DIVENTA_CIRCUMPOLARE,
-49.0,109268,Alnair,1.69636681,SALTO_STAGIONALE,g.95 <- g.261
-49.0,67301,Alkaid,1.90205721,CESSA_CIRCUMPOLARE,
-49.0,112122,Tiaki,2.14787452,SALTO_STAGIONALE,g.107 <- g.254
-49.0,9640,Almach,2.27106128,DIVENTA_CIRCUMPOLARE,
-49.0,14576,Algol,2.29350649,DIVENTA_CIRCUMPOLARE,
-49.0,86670,HIP 86670,2.41772209,SALTO_STAGIONALE,g.366 <- g.332
-49.0,85696,Lesath,2.69092626,SALTO_STAGIONALE,g.350 <- g.319
-49.0,18532,Aldu,2.88757254,DIVENTA_CIRCUMPOLARE,
-49.0,107556,Deneb Algedi,2.92019038,SALTO_STAGIONALE,g.2 <- g.350
-49.0,54539,HIP 54539,3.0142824,SALTO_STAGIONALE,g.158 <- g.127
-49.0,87073,HIP 87073,3.02642912,SALTO_STAGIONALE,g.19 <- g.347
-49.0,82514,Xamidimura,3.08532689,SALTO_STAGIONALE,g.345 <- g.310
-49.0,87261,Fuyue,3.13181283,SALTO_STAGIONALE,g.359 <- g.328
-49.0,5165,HIP 5165,3.31752945,SALTO_STAGIONALE,g.131 <- g.218
-49.0,8796,Mothallah,3.51184144,SALTO_STAGIONALE,g.4 <- g.365
-49.0,82545,Pipirima,3.55914542,SALTO_STAGIONALE,g.346 <- g.311
-49.0,44471,Alkaphrah,3.57812571,CESSA_CIRCUMPOLARE,
-49.0,113726,Alfarasalkamil,3.63473077,DIVENTA_CIRCUMPOLARE,
-49.0,104060,HIP 104060,3.70632596,DIVENTA_CIRCUMPOLARE,
-49.0,57399,Taiyangshou,3.72907205,CESSA_CIRCUMPOLARE,
-49.0,14354,HIP 14354,3.73778483,DIVENTA_CIRCUMPOLARE,
-49.0,23453,Saclateni,3.73796858,DIVENTA_CIRCUMPOLARE,
-49.0,106985,Nashira,3.74198413,SALTO_STAGIONALE,g.16 <- g.362
-49.0,99675,HIP 99675,3.80227916,DIVENTA_CIRCUMPOLARE,
-49.0,2072,HIP 2072,3.86790441,SALTO_STAGIONALE,g.119 <- g.233
-49.0,110395,Sadachbia,3.89164329,SALTO_STAGIONALE,g.1 <- g.351
-50.0,69673,Arcturus,0.30118462,CESSA_CIRCUMPOLARE,
-50.0,86670,HIP 86670,2.4179327,SALTO_STAGIONALE,g.332 <- g.300
-50.0,1067,Algenib,2.83079644,SALTO_STAGIONALE,g.2 <- g.355
-50.0,54539,HIP 54539,3.01448967,CESSA_CIRCUMPOLARE,
-50.0,87073,HIP 87073,3.02651591,SALTO_STAGIONALE,g.347 <- g.309
-50.0,23416,Almaaz,3.06028589,DIVENTA_CIRCUMPOLARE,
-50.0,23767,Haedus,3.15853544,DIVENTA_CIRCUMPOLARE,
-50.0,50801,Tania Australis,3.2021465,CESSA_CIRCUMPOLARE,
-50.0,6867,HIP 6867,3.37690438,SALTO_STAGIONALE,g.123 <- g.223
-50.0,50372,Tania Borealis,3.42862064,CESSA_CIRCUMPOLARE,
-50.0,84143,HIP 84143,3.46177787,SALTO_STAGIONALE,g.326 <- g.293
-50.0,82729,HIP 82729,3.67420803,SALTO_STAGIONALE,g.323 <- g.290
-50.0,14668,Misam,3.70740968,DIVENTA_CIRCUMPOLARE,
-50.0,105881,HIP 105881,3.74148472,SALTO_STAGIONALE,g.14 <- g.359
-50.0,17529,HIP 17529,3.78446612,DIVENTA_CIRCUMPOLARE,
-50.0,111169,Stellio,3.80482897,DIVENTA_CIRCUMPOLARE,
-50.0,79992,Asuusiha,3.91399468,CESSA_CIRCUMPOLARE,
-50.0,95347,Rukbat,3.96652626,SALTO_STAGIONALE,g.24 <- g.356
-51.0,15863,Mirfak,1.79683231,DIVENTA_CIRCUMPOLARE,
-51.0,28360,Menkalinan,1.98468362,DIVENTA_CIRCUMPOLARE,
-51.0,2081,Ankaa,2.03395323,SALTO_STAGIONALE,g.99 <- g.272
-51.0,9884,Hamal,2.09266841,SALTO_STAGIONALE,g.10 <- g.363
-51.0,13847,Acamar,2.8779427,SALTO_STAGIONALE,g.141 <- g.210
-51.0,63125,Cor Caroli,2.9067521,CESSA_CIRCUMPOLARE,
-51.0,108085,Aldhanab,2.99775015,SALTO_STAGIONALE,g.68 <- g.306
-51.0,17358,Sarvvis,3.00715837,DIVENTA_CIRCUMPOLARE,
-51.0,23416,Almaaz,3.0602914,SALTO_STAGIONALE,g.364 <- g.3
-51.0,7607,Nembus,3.53723199,DIVENTA_CIRCUMPOLARE,
-51.0,73555,Nekkar,3.54444373,CESSA_CIRCUMPOLARE,
-51.0,2920,Fulu,3.66877268,DIVENTA_CIRCUMPOLARE,
-51.0,112961,Shatabhisha,3.75032814,SALTO_STAGIONALE,g.3 <- g.350
-51.0,53229,Praecipua,3.75920628,CESSA_CIRCUMPOLARE,
-51.0,45688,HIP 45688,3.80956801,CESSA_CIRCUMPOLARE,
-51.0,116584,Udkadua,3.81380726,DIVENTA_CIRCUMPOLARE,
-51.0,86414,HIP 86414,3.81528864,CESSA_CIRCUMPOLARE,
-51.0,95347,Rukbat,3.96659562,SALTO_STAGIONALE,g.356 <- g.319
-51.0,14879,Dalim,3.97007604,SALTO_STAGIONALE,g.133 <- g.218
-51.0,19343,HIP 19343,4.03350814,DIVENTA_CIRCUMPOLARE,
-51.0,8068,Dajiangjunbei,4.06154875,DIVENTA_CIRCUMPOLARE,
-52.0,24608,Capella,-0.19695404,DIVENTA_CIRCUMPOLARE,
-52.0,113368,Fomalhaut,1.07985815,SALTO_STAGIONALE,g.19 <- g.362
-52.0,3179,Schedar,2.23183267,DIVENTA_CIRCUMPOLARE,
-52.0,8903,Sheratan,2.65924441,SALTO_STAGIONALE,g.5 <- g.357
-52.0,18532,Aldu,2.88755086,SALTO_STAGIONALE,g.2 <- g.359
-52.0,14328,HIP 14328,2.92578172,DIVENTA_CIRCUMPOLARE,
-52.0,23416,Almaaz,3.06029692,SALTO_STAGIONALE,g.3 <- g.363
-52.0,71075,Seginus,3.20223118,CESSA_CIRCUMPOLARE,
-52.0,113136,Skat,3.24450652,SALTO_STAGIONALE,g.3 <- g.348
-52.0,81833,HIP 81833,3.4663328,CESSA_CIRCUMPOLARE,
-52.0,20042,HIP 20042,3.509113,SALTO_STAGIONALE,g.137 <- g.224
-52.0,55219,Alula Borealis,3.51589683,CESSA_CIRCUMPOLARE,
-52.0,74666,Qigong,3.52797707,CESSA_CIRCUMPOLARE,
-52.0,13268,Miram,3.76754253,DIVENTA_CIRCUMPOLARE,
-52.0,8832,HIP 8832,3.88255727,SALTO_STAGIONALE,g.15 <- g.366
-52.0,78072,HIP 78072,3.90421394,CESSA_CIRCUMPOLARE,
-52.0,102422,HIP 102422,4.08419242,DIVENTA_CIRCUMPOLARE,
-53.0,746,Caph,2.20942207,DIVENTA_CIRCUMPOLARE,
-53.0,76267,Alphecca,2.2139093,CESSA_CIRCUMPOLARE,
-53.0,4427,Tiansi,2.30497789,DIVENTA_CIRCUMPOLARE,
-53.0,72105,Izar,2.40674957,CESSA_CIRCUMPOLARE,
-53.0,6686,Ruchbah,2.6587458,DIVENTA_CIRCUMPOLARE,
-53.0,23767,Haedus,3.15789595,SALTO_STAGIONALE,g.6 <- g.362
-53.0,84380,Nuchuang,3.19059941,CESSA_CIRCUMPOLARE,
-53.0,8886,Segin,3.37501124,DIVENTA_CIRCUMPOLARE,
-53.0,109492,HIP 109492,3.40769439,DIVENTA_CIRCUMPOLARE,
-53.0,1562,HIP 1562,3.53237928,SALTO_STAGIONALE,g.19 <- g.364
-53.0,7097,Alpherg,3.60232682,SALTO_STAGIONALE,g.2 <- g.352
-53.0,13209,Bharani,3.60376279,SALTO_STAGIONALE,g.5 <- g.356
-53.0,71053,Kalasungsang,3.61580442,CESSA_CIRCUMPOLARE,
-53.0,114341,Safina,3.63776734,SALTO_STAGIONALE,g.11 <- g.350
-53.0,28358,Bagu,3.69684907,DIVENTA_CIRCUMPOLARE,
-53.0,45688,HIP 45688,3.80922186,DIVENTA_CIRCUMPOLARE,
-53.0,21393,Theemin,3.81973472,SALTO_STAGIONALE,g.135 <- g.216
-53.0,8102,HIP 8102,4.15214226,SALTO_STAGIONALE,g.116 <- g.234
-54.0,26634,Phact,2.60184924,SALTO_STAGIONALE,g.145 <- g.212
-54.0,67927,Muphrid,2.69148704,CESSA_CIRCUMPOLARE,
-54.0,18246,HIP 18246,2.88025531,SALTO_STAGIONALE,g.7 <- g.358
-54.0,3821,Achird,3.38474477,DIVENTA_CIRCUMPOLARE,
-54.0,5364,HIP 5364,3.40740721,SALTO_STAGIONALE,g.21 <- g.365
-54.0,15474,HIP 15474,3.59656407,SALTO_STAGIONALE,g.113 <- g.247
-54.0,17378,Rana,3.65089084,SALTO_STAGIONALE,g.113 <- g.245
-54.0,86974,HIP 86974,3.66771858,CESSA_CIRCUMPOLARE,
-54.0,23453,Saclateni,3.73777304,SALTO_STAGIONALE,g.2 <- g.357
-54.0,75695,Nusakan,3.74571058,CESSA_CIRCUMPOLARE,
-54.0,17448,Atik,3.8310457,SALTO_STAGIONALE,g.6 <- g.358
-54.0,76952,Baltesha,3.86886871,CESSA_CIRCUMPOLARE,
-54.0,83207,Khepdenreret,3.97605936,CESSA_CIRCUMPOLARE,
-54.0,107259,Garnet Star,4.53971517,DIVENTA_CIRCUMPOLARE,
-54.0,92862,HIP 92862,4.66698103,CESSA_CIRCUMPOLARE,
-55.0,91262,Vega,0.25910786,CESSA_CIRCUMPOLARE,
-55.0,3419,Diphda,1.98491633,SALTO_STAGIONALE,g.14 <- g.351
-55.0,28380,Mahasim,2.57532851,SALTO_STAGIONALE,g.9 <- g.361
-55.0,23015,Hassaleh,2.67690968,SALTO_STAGIONALE,g.9 <- g.360
-55.0,80816,Kornephoros,2.85166109,CESSA_CIRCUMPOLARE,
-55.0,17702,Alcyone (Pleiadi),2.86344027,SALTO_STAGIONALE,g.8 <- g.358
-55.0,30122,Furud,2.9829653,SALTO_STAGIONALE,g.138 <- g.207
-55.0,108085,Aldhanab,2.99742668,SALTO_STAGIONALE,g.306 <- g.275
-55.0,23685,Ping,3.17553893,SALTO_STAGIONALE,g.120 <- g.237
-55.0,84379,Sarin,3.32981488,CESSA_CIRCUMPOLARE,
-55.0,81693,Tianji,3.52107847,CESSA_CIRCUMPOLARE,
-55.0,6537,HIP 6537,3.54292263,SALTO_STAGIONALE,g.16 <- g.359
-55.0,112724,HIP 112724,3.56300493,DIVENTA_CIRCUMPOLARE,
-55.0,44471,Alkaphrah,3.57794343,DIVENTA_CIRCUMPOLARE,
-55.0,17847,Atlas,3.61145596,SALTO_STAGIONALE,g.12 <- g.361
-55.0,17499,Electra,3.69913517,SALTO_STAGIONALE,g.11 <- g.360
-55.0,87933,HIP 87933,3.70410832,CESSA_CIRCUMPOLARE,
-55.0,9487,Alrescha,3.79742724,SALTO_STAGIONALE,g.15 <- g.360
-55.0,30277,HIP 30277,3.84781031,SALTO_STAGIONALE,g.145 <- g.215
-55.0,17573,Maia,3.85932974,SALTO_STAGIONALE,g.11 <- g.360
-55.0,9598,Gang,4.00159303,DIVENTA_CIRCUMPOLARE,
-56.0,21421,Aldebaran,0.50079348,SALTO_STAGIONALE,g.11 <- g.360
-56.0,25428,Elnath,1.62363855,SALTO_STAGIONALE,g.4 <- g.355
-56.0,3419,Diphda,1.98407915,SALTO_STAGIONALE,g.351 <- g.318
-56.0,14135,Menkar,2.56956672,SALTO_STAGIONALE,g.20 <- g.366
-56.0,25985,Arneb,2.57664423,SALTO_STAGIONALE,g.114 <- g.249
-56.0,35264,HIP 35264,2.69425687,SALTO_STAGIONALE,g.151 <- g.196
-56.0,18543,Zaurak,2.81209756,SALTO_STAGIONALE,g.92 <- g.256
-56.0,25606,Nihal,2.8695737,SALTO_STAGIONALE,g.118 <- g.250
-56.0,97165,Fawaris,2.9143976,CESSA_CIRCUMPOLARE,
-56.0,44127,Talitha,3.04568047,DIVENTA_CIRCUMPOLARE,
-56.0,24305,Bade,3.12448785,SALTO_STAGIONALE,g.111 <- g.260
-56.0,50801,Tania Australis,3.20700937,DIVENTA_CIRCUMPOLARE,
-56.0,93194,Sulafat,3.25946928,CESSA_CIRCUMPOLARE,
-56.0,50372,Tania Borealis,3.42637723,DIVENTA_CIRCUMPOLARE,
-56.0,12706,Kaffaljidhma,3.4983185,SALTO_STAGIONALE,g.18 <- g.363
-56.0,55219,Alula Borealis,3.51656295,DIVENTA_CIRCUMPOLARE,
-56.0,77233,Zhou,3.66479208,CESSA_CIRCUMPOLARE,
-56.0,38414,HIP 38414,3.68606588,SALTO_STAGIONALE,g.156 <- g.201
-56.0,53229,Praecipua,3.75446251,DIVENTA_CIRCUMPOLARE,
-56.0,71795,HIP 71795,3.79534815,CESSA_CIRCUMPOLARE,
-56.0,99675,HIP 99675,3.80259195,CESSA_CIRCUMPOLARE,
-56.0,92420,Sheliak,3.81362178,CESSA_CIRCUMPOLARE,
-56.0,80170,HIP 80170,3.86608825,CESSA_CIRCUMPOLARE,
-56.0,88794,HIP 88794,3.86724104,CESSA_CIRCUMPOLARE,
-56.0,32759,HIP 32759,3.8912813,SALTO_STAGIONALE,g.146 <- g.209
-56.0,102422,HIP 102422,4.12730975,CESSA_CIRCUMPOLARE,
-57.0,33579,Adhara,1.47301341,SALTO_STAGIONALE,g.136 <- g.219
-57.0,36850,Castor,1.67705616,SALTO_STAGIONALE,g.11 <- g.363
-57.0,34444,Wezen,1.82085938,SALTO_STAGIONALE,g.128 <- g.219
-57.0,30324,Mirzam,1.94657121,SALTO_STAGIONALE,g.113 <- g.226
-57.0,86032,Rasalhague,1.97222286,CESSA_CIRCUMPOLARE,
-57.0,39429,Naos,2.25550776,SALTO_STAGIONALE,g.152 <- g.200
-57.0,35904,Aludra,2.43915483,SALTO_STAGIONALE,g.134 <- g.212
-57.0,16537,Ran,3.07650665,SALTO_STAGIONALE,g.95 <- g.253
-57.0,20894,Chamukuy (Iadi),3.28522165,SALTO_STAGIONALE,g.13 <- g.359
-57.0,41704,Muscida,3.3256977,DIVENTA_CIRCUMPOLARE,
-57.0,20889,Ain,3.41886776,SALTO_STAGIONALE,g.4 <- g.351
-57.0,27288,Darlugal,3.42534397,SALTO_STAGIONALE,g.111 <- g.253
-57.0,18724,Bibing,3.431186,SALTO_STAGIONALE,g.14 <- g.360
-57.0,33856,Nganurganity,3.45659713,SALTO_STAGIONALE,g.136 <- g.222
-57.0,33018,HIP 33018,3.52416819,SALTO_STAGIONALE,g.9 <- g.360
-57.0,20205,Prima Hyadum,3.52495221,SALTO_STAGIONALE,g.10 <- g.356
-57.0,116727,Errai,3.57727338,DIVENTA_CIRCUMPOLARE,
-57.0,37819,HIP 37819,3.59440198,SALTO_STAGIONALE,g.153 <- g.207
-57.0,84345,Rasalgethi,3.61840008,CESSA_CIRCUMPOLARE,
-57.0,15900,HIP 15900,3.64394906,SALTO_STAGIONALE,g.6 <- g.350
-57.0,20455,Secunda Hyadum,3.65183695,SALTO_STAGIONALE,g.7 <- g.353
-57.0,16083,HIP 16083,3.68468766,SALTO_STAGIONALE,g.2 <- g.346
-57.0,46733,HIP 46733,3.70868558,DIVENTA_CIRCUMPOLARE,
-57.0,8645,Baten Kaitos,3.71005502,SALTO_STAGIONALE,g.6 <- g.339
-57.0,28103,HIP 28103,3.731165,SALTO_STAGIONALE,g.115 <- g.238
-57.0,27072,HIP 27072,3.73570285,SALTO_STAGIONALE,g.116 <- g.240
-57.0,42570,HIP 42570,3.79857523,SALTO_STAGIONALE,g.163 <- g.198
-57.0,45688,HIP 45688,3.80854003,SALTO_STAGIONALE,g.5 <- g.360
-57.0,76276,HIP 76276,3.85843898,CESSA_CIRCUMPOLARE,
-57.0,35037,HIP 35037,3.87925992,SALTO_STAGIONALE,g.132 <- g.226
-57.0,43023,HIP 43023,3.89514888,SALTO_STAGIONALE,g.160 <- g.197
-58.0,24436,Rigel,0.08954899,SALTO_STAGIONALE,g.85 <- g.270
-58.0,102098,Deneb,1.24738535,CESSA_CIRCUMPOLARE,
-58.0,27366,Saiph,2.05118939,SALTO_STAGIONALE,g.96 <- g.269
-58.0,100453,Sadr,2.20977873,CESSA_CIRCUMPOLARE,
-58.0,53910,Merak,2.42651032,DIVENTA_CIRCUMPOLARE,
-58.0,22449,Tabit,2.7740113,SALTO_STAGIONALE,g.17 <- g.360
-58.0,30343,Tejat,2.78622117,SALTO_STAGIONALE,g.12 <- g.360
-58.0,32246,Mebsuta,2.99486535,SALTO_STAGIONALE,g.16 <- g.365
-58.0,26451,Tianguan,3.0004155,SALTO_STAGIONALE,g.8 <- g.356
-58.0,54539,HIP 54539,3.01615556,DIVENTA_CIRCUMPOLARE,
-58.0,33977,HIP 33977,3.02573565,SALTO_STAGIONALE,g.130 <- g.235
-58.0,45860,HIP 45860,3.0717776,SALTO_STAGIONALE,g.9 <- g.362
-58.0,95947,Albireo,3.10854755,CESSA_CIRCUMPOLARE,
-58.0,27654,HIP 27654,3.42770342,SALTO_STAGIONALE,g.95 <- g.283
-58.0,24674,HIP 24674,3.57386885,SALTO_STAGIONALE,g.91 <- g.276
-58.0,83000,HIP 83000,3.65899821,CESSA_CIRCUMPOLARE,
-58.0,48319,HIP 48319,3.68094524,DIVENTA_CIRCUMPOLARE,
-58.0,8645,Baten Kaitos,3.70980592,SALTO_STAGIONALE,g.339 <- g.308
-58.0,44511,HIP 44511,3.71388372,SALTO_STAGIONALE,g.157 <- g.201
-58.0,37229,HIP 37229,3.78324132,SALTO_STAGIONALE,g.132 <- g.216
-58.0,18907,HIP 18907,3.91657481,SALTO_STAGIONALE,g.19 <- g.361
-58.0,107259,Garnet Star,4.539695,CESSA_CIRCUMPOLARE,
-59.0,37826,Pollux,1.15573493,SALTO_STAGIONALE,g.3 <- g.353
-59.0,31681,Alhena,1.97903165,SALTO_STAGIONALE,g.16 <- g.363
-59.0,44816,Suhail,2.18900906,SALTO_STAGIONALE,g.148 <- g.205
-59.0,39757,Tureis,2.45846265,SALTO_STAGIONALE,g.121 <- g.223
-59.0,58001,Phecda,2.49996339,DIVENTA_CIRCUMPOLARE,
-59.0,102488,Aljanah,2.58439629,SALTO_STAGIONALE,g.175 <- g.144
-59.0,77070,Unukalhai,2.58519477,SALTO_STAGIONALE,g.80 <- g.48
-59.0,26241,Hatysa,2.76417712,SALTO_STAGIONALE,g.87 <- g.284
-59.0,23875,Cursa,2.82987542,SALTO_STAGIONALE,g.76 <- g.296
-59.0,93747,Okab,3.11255133,CESSA_CIRCUMPOLARE,
-59.0,38170,Azmidi,3.34218731,SALTO_STAGIONALE,g.128 <- g.235
-59.0,25281,HIP 25281,3.34576261,SALTO_STAGIONALE,g.73 <- g.300
-59.0,3821,Achird,3.39169359,CESSA_CIRCUMPOLARE,
-59.0,48774,HIP 48774,3.47643233,SALTO_STAGIONALE,g.162 <- g.197
-59.0,37740,HIP 37740,3.51380008,SALTO_STAGIONALE,g.15 <- g.363
-59.0,29655,Propus,3.6284551,SALTO_STAGIONALE,g.3 <- g.350
-59.0,42828,HIP 42828,3.67049692,SALTO_STAGIONALE,g.135 <- g.232
-59.0,104060,HIP 104060,3.70756576,CESSA_CIRCUMPOLARE,
-59.0,57399,Taiyangshou,3.73270623,DIVENTA_CIRCUMPOLARE,
-59.0,30867,HIP 30867,3.74910556,SALTO_STAGIONALE,g.94 <- g.261
-59.0,36046,HIP 36046,3.76564804,SALTO_STAGIONALE,g.3 <- g.352
-59.0,26549,HIP 26549,3.83771799,SALTO_STAGIONALE,g.79 <- g.279
-59.0,88771,HIP 88771,3.83877088,CESSA_CIRCUMPOLARE,
-59.0,80883,Marfik,3.85703713,SALTO_STAGIONALE,g.112 <- g.79
-59.0,21444,HIP 21444,3.92029969,SALTO_STAGIONALE,g.69 <- g.301
-59.0,103413,HIP 103413,3.96856384,CESSA_CIRCUMPOLARE,
-59.0,22109,HIP 22109,3.99956857,SALTO_STAGIONALE,g.70 <- g.308
-59.0,26551,HIP 26551,6.81200025,SALTO_STAGIONALE,g.93 <- g.285
-60.0,37279,Procyon,0.65271005,SALTO_STAGIONALE,g.4 <- g.353
-60.0,27989,Betelgeuse,0.85106626,SALTO_STAGIONALE,g.14 <- g.358
-60.0,25336,Bellatrix,1.60340287,SALTO_STAGIONALE,g.8 <- g.350
-60.0,26311,Alnilam,1.68810814,SALTO_STAGIONALE,g.56 <- g.300
-60.0,26727,Alnitak (Cin.Orione),1.75462637,SALTO_STAGIONALE,g.63 <- g.275
-60.0,54061,Dubhe,1.8341076,DIVENTA_CIRCUMPOLARE,
-60.0,50583,Algieba,2.14294952,SALTO_STAGIONALE,g.15 <- g.365
-60.0,25930,Mintaka,2.23959897,SALTO_STAGIONALE,g.51 <- g.295
-60.0,102488,Aljanah,2.58608602,CESSA_CIRCUMPOLARE,
-60.0,67927,Muphrid,2.69393589,DIVENTA_CIRCUMPOLARE,
-60.0,86742,Cebalrai,2.83637699,SALTO_STAGIONALE,g.116 <- g.86
-60.0,47908,HIP 47908,2.97072456,SALTO_STAGIONALE,g.14 <- g.363
-60.0,46853,HIP 46853,3.14949413,DIVENTA_CIRCUMPOLARE,
-60.0,32362,Alzirr,3.16736682,SALTO_STAGIONALE,g.11 <- g.356
-60.0,89962,HIP 89962,3.26933388,CESSA_CIRCUMPOLARE,
-60.0,51576,HIP 51576,3.27685263,SALTO_STAGIONALE,g.168 <- g.204
-60.0,26207,Meissa,3.37822101,SALTO_STAGIONALE,g.6 <- g.348
-60.0,59774,Megrez,3.3817322,DIVENTA_CIRCUMPOLARE,
-60.0,109492,HIP 109492,3.40867399,CESSA_CIRCUMPOLARE,
-60.0,35550,Wasat,3.49898589,SALTO_STAGIONALE,g.2 <- g.349
-60.0,98337,HIP 98337,3.53405198,CESSA_CIRCUMPOLARE,
-60.0,46651,HIP 46651,3.53729611,SALTO_STAGIONALE,g.139 <- g.227
-60.0,35350,HIP 35350,3.65011665,SALTO_STAGIONALE,g.17 <- g.363
-60.0,22549,HIP 22549,3.66854436,SALTO_STAGIONALE,g.3 <- g.341
-60.0,22797,HIP 22797,3.69735955,SALTO_STAGIONALE,g.22 <- g.359
-60.0,97365,HIP 97365,3.77795013,CESSA_CIRCUMPOLARE,
-60.0,71795,HIP 71795,3.79628321,DIVENTA_CIRCUMPOLARE,
-60.0,87108,Bake-eo,3.8038148,CESSA_CIRCUMPOLARE,
-60.0,51232,HIP 51232,3.81495399,SALTO_STAGIONALE,g.163 <- g.195
-60.0,56211,Giausar,3.83761521,DIVENTA_CIRCUMPOLARE,
-60.0,80883,Marfik,3.85771294,CESSA_CIRCUMPOLARE,
-60.0,104887,HIP 104887,3.9010641,CESSA_CIRCUMPOLARE,
-60.0,88192,HIP 88192,3.96089603,CESSA_CIRCUMPOLARE,
-61.0,62956,Alioth,1.81502618,DIVENTA_CIRCUMPOLARE,
-61.0,746,Caph,2.20509171,CESSA_CIRCUMPOLARE,
-61.0,54872,Zosma,2.71558078,SALTO_STAGIONALE,g.2 <- g.353
-61.0,97278,Tarazed,2.71912149,CESSA_CIRCUMPOLARE,
-61.0,86742,Cebalrai,2.83747096,CESSA_CIRCUMPOLARE,
-61.0,63125,Cor Caroli,2.91080241,DIVENTA_CIRCUMPOLARE,
-61.0,104732,HIP 104732,3.15245883,CESSA_CIRCUMPOLARE,
-61.0,50335,Adhafera,3.45911394,SALTO_STAGIONALE,g.2 <- g.352
-61.0,112724,HIP 112724,3.5677661,CESSA_CIRCUMPOLARE,
-61.0,22797,HIP 22797,3.69718751,SALTO_STAGIONALE,g.359 <- g.327
-61.0,53253,HIP 53253,3.73747253,SALTO_STAGIONALE,g.162 <- g.197
-61.0,101769,Rotanev,3.74182497,SALTO_STAGIONALE,g.152 <- g.122
-61.0,101958,Sualocin,3.77813159,SALTO_STAGIONALE,g.154 <- g.123
-61.0,111169,Stellio,3.81492155,CESSA_CIRCUMPOLARE,
-61.0,80883,Marfik,3.85838884,DIVENTA_CIRCUMPOLARE,
-61.0,98036,Alshain,4.10983286,CESSA_CIRCUMPOLARE,
-62.0,49669,Regulus,1.33189288,SALTO_STAGIONALE,g.11 <- g.360
-62.0,97649,Altair,1.41456493,CESSA_CIRCUMPOLARE,
-62.0,65378,Mizar,2.09334704,DIVENTA_CIRCUMPOLARE,
-62.0,57632,Denebola,2.16544739,SALTO_STAGIONALE,g.2 <- g.353
-62.0,72105,Izar,2.41146056,DIVENTA_CIRCUMPOLARE,
-62.0,52727,HIP 52727,2.66700585,SALTO_STAGIONALE,g.142 <- g.211
-62.0,36188,Gomeisa,2.83045643,SALTO_STAGIONALE,g.5 <- g.347
-62.0,56561,HIP 56561,3.1117715,SALTO_STAGIONALE,g.153 <- g.204
-62.0,54879,Chertan,3.31406196,SALTO_STAGIONALE,g.7 <- g.356
-62.0,63613,HIP 63613,3.41761667,SALTO_STAGIONALE,g.164 <- g.196
-62.0,40526,Tarf,3.49637538,SALTO_STAGIONALE,g.14 <- g.358
-62.0,49583,HIP 49583,3.51777036,SALTO_STAGIONALE,g.5 <- g.353
-62.0,116727,Errai,3.6060225,CESSA_CIRCUMPOLARE,
-62.0,71053,Kalasungsang,3.62178815,DIVENTA_CIRCUMPOLARE,
-62.0,95501,HIP 95501,3.62529965,SALTO_STAGIONALE,g.111 <- g.79
-62.0,51986,HIP 51986,3.73846285,SALTO_STAGIONALE,g.138 <- g.215
-62.0,101769,Rotanev,3.7434264,CESSA_CIRCUMPOLARE,
-62.0,101958,Sualocin,3.7782544,CESSA_CIRCUMPOLARE,
-62.0,50191,HIP 50191,3.81265521,SALTO_STAGIONALE,g.136 <- g.218
-62.0,76276,HIP 76276,3.86336116,DIVENTA_CIRCUMPOLARE,
-62.0,61281,HIP 61281,3.87369288,DIVENTA_CIRCUMPOLARE,
-62.0,101421,Aldulfin,4.05636944,CESSA_CIRCUMPOLARE,
-63.0,32349,Sirius,-0.9310367,SALTO_STAGIONALE,g.4 <- g.340
-63.0,67301,Alkaid,1.91538549,DIVENTA_CIRCUMPOLARE,
-63.0,86742,Cebalrai,2.83966092,DIVENTA_CIRCUMPOLARE,
-63.0,63608,Vindemiatrix,2.89544962,SALTO_STAGIONALE,g.6 <- g.358
-63.0,43813,HIP 43813,3.03889354,SALTO_STAGIONALE,g.14 <- g.358
-63.0,71075,Seginus,3.23435445,DIVENTA_CIRCUMPOLARE,
-63.0,43109,Ashlesha,3.2497909,SALTO_STAGIONALE,g.9 <- g.353
-63.0,47508,Subra,3.42613891,SALTO_STAGIONALE,g.4 <- g.350
-63.0,57363,HIP 57363,3.58967575,SALTO_STAGIONALE,g.159 <- g.202
-63.0,95501,HIP 95501,3.62928037,CESSA_CIRCUMPOLARE,
-63.0,113726,Alfarasalkamil,3.63876613,CESSA_CIRCUMPOLARE,
-63.0,77233,Zhou,3.66520554,DIVENTA_CIRCUMPOLARE,
-63.0,116584,Udkadua,3.81428498,CESSA_CIRCUMPOLARE,
-63.0,61199,HIP 61199,3.85518762,SALTO_STAGIONALE,g.159 <- g.200
-63.0,109176,HIP 109176,3.85833054,CESSA_CIRCUMPOLARE,
-63.0,51624,Shaomin,3.86387951,SALTO_STAGIONALE,g.13 <- g.359
-63.0,55425,HIP 55425,3.88117808,SALTO_STAGIONALE,g.146 <- g.216
-63.0,45336,HIP 45336,3.93633169,SALTO_STAGIONALE,g.10 <- g.353
-63.0,22109,HIP 22109,3.99875354,SALTO_STAGIONALE,g.308 <- g.276
-63.0,60009,HIP 60009,4.03198124,SALTO_STAGIONALE,g.148 <- g.209
-64.0,32349,Sirius,-0.92253861,SALTO_STAGIONALE,g.340 <- g.307
-64.0,60718,Acrux (Cr.Sud),0.79173086,SALTO_STAGIONALE,g.141 <- g.220
-64.0,46390,Alphard,1.98879075,SALTO_STAGIONALE,g.59 <- g.283
-64.0,76267,Alphecca,2.21289755,DIVENTA_CIRCUMPOLARE,
-64.0,59196,HIP 59196,2.5659789,SALTO_STAGIONALE,g.126 <- g.229
-64.0,77070,Unukalhai,2.58414899,SALTO_STAGIONALE,g.2 <- g.357
-64.0,61585,HIP 61585,2.66840931,SALTO_STAGIONALE,g.153 <- g.204
-64.0,59747,Imai,2.7697191,SALTO_STAGIONALE,g.139 <- g.210
-64.0,23875,Cursa,2.83369392,SALTO_STAGIONALE,g.296 <- g.266
-64.0,112158,Matar,2.93757798,CESSA_CIRCUMPOLARE,
-64.0,62322,HIP 62322,2.97920114,SALTO_STAGIONALE,g.150 <- g.221
-64.0,112748,Sadalbari,3.43592172,CESSA_CIRCUMPOLARE,
-64.0,63090,Minelauva,3.45152625,SALTO_STAGIONALE,g.13 <- g.362
-64.0,74666,Qigong,3.53734981,DIVENTA_CIRCUMPOLARE,
-64.0,57757,Zavijava,3.60152508,SALTO_STAGIONALE,g.2 <- g.348
-64.0,60260,Ginan,3.602704,SALTO_STAGIONALE,g.141 <- g.224
-64.0,95501,HIP 95501,3.63325603,DIVENTA_CIRCUMPOLARE,
-64.0,83000,HIP 83000,3.68473683,DIVENTA_CIRCUMPOLARE,
-64.0,75695,Nusakan,3.75833212,DIVENTA_CIRCUMPOLARE,
-64.0,87108,Bake-eo,3.80746771,DIVENTA_CIRCUMPOLARE,
-64.0,41307,HIP 41307,3.86110726,SALTO_STAGIONALE,g.45 <- g.308
-64.0,80170,HIP 80170,3.87509801,DIVENTA_CIRCUMPOLARE,
-64.0,76952,Baltesha,3.87597359,DIVENTA_CIRCUMPOLARE,
-64.0,59449,HIP 59449,3.93260331,SALTO_STAGIONALE,g.131 <- g.236
-64.0,88192,HIP 88192,3.96095435,DIVENTA_CIRCUMPOLARE,
-65.0,62434,Mimosa,1.22589518,SALTO_STAGIONALE,g.134 <- g.213
-65.0,97649,Altair,1.44161781,DIVENTA_CIRCUMPOLARE,
-65.0,61084,Gacrux,1.51307494,SALTO_STAGIONALE,g.127 <- g.230
-65.0,3179,Schedar,2.23354938,CESSA_CIRCUMPOLARE,
-65.0,4427,Tiansi,2.30607567,CESSA_CIRCUMPOLARE,
-65.0,113881,Scheat,2.50464003,CESSA_CIRCUMPOLARE,
-65.0,6686,Ruchbah,2.65643321,CESSA_CIRCUMPOLARE,
-65.0,80816,Kornephoros,2.86397728,DIVENTA_CIRCUMPOLARE,
-65.0,61941,Porrima,3.00300527,SALTO_STAGIONALE,g.15 <- g.363
-65.0,52943,HIP 52943,3.12376343,SALTO_STAGIONALE,g.82 <- g.283
-65.0,66249,Heze,3.42265632,SALTO_STAGIONALE,g.14 <- g.363
-65.0,73555,Nekkar,3.55299176,DIVENTA_CIRCUMPOLARE,
-65.0,84345,Rasalgethi,3.62357247,DIVENTA_CIRCUMPOLARE,
-65.0,2920,Fulu,3.66845784,CESSA_CIRCUMPOLARE,
-65.0,77622,HIP 77622,3.77592502,SALTO_STAGIONALE,g.4 <- g.356
-65.0,72220,Maenalus,3.78014207,SALTO_STAGIONALE,g.6 <- g.357
-65.0,72370,Paradys,3.82710535,SALTO_STAGIONALE,g.159 <- g.204
-65.0,88771,HIP 88771,3.84926911,DIVENTA_CIRCUMPOLARE,
-65.0,80883,Marfik,3.86109333,SALTO_STAGIONALE,g.5 <- g.359
-65.0,71957,HIP 71957,3.87321666,SALTO_STAGIONALE,g.13 <- g.362
-65.0,60129,Zaniah,3.88286799,SALTO_STAGIONALE,g.10 <- g.356
-65.0,60823,HIP 60823,3.89968575,SALTO_STAGIONALE,g.126 <- g.232
-65.0,78072,HIP 78072,3.95392246,DIVENTA_CIRCUMPOLARE,
-65.0,63003,HIP 63003,4.0154963,SALTO_STAGIONALE,g.133 <- g.232
-66.0,68702,Hadar,0.60276958,SALTO_STAGIONALE,g.121 <- g.221
-66.0,65474,Spica,0.97435004,SALTO_STAGIONALE,g.12 <- g.360
-66.0,97649,Altair,1.45057391,SALTO_STAGIONALE,g.2 <- g.364
-66.0,86032,Rasalhague,1.95642149,DIVENTA_CIRCUMPOLARE,
-66.0,107315,Enif,2.09636831,SALTO_STAGIONALE,g.79 <- g.47
-66.0,677,Alpheratz,2.13669104,CESSA_CIRCUMPOLARE,
-66.0,61932,HIP 61932,2.22470487,SALTO_STAGIONALE,g.116 <- g.233
-66.0,66657,HIP 66657,2.29958451,SALTO_STAGIONALE,g.116 <- g.227
-66.0,79593,Yed Prior,2.79674473,SALTO_STAGIONALE,g.3 <- g.355
-66.0,86742,Cebalrai,2.84295086,SALTO_STAGIONALE,g.3 <- g.358
-66.0,8886,Segin,3.37669221,CESSA_CIRCUMPOLARE,
-66.0,56343,HIP 56343,3.56358579,SALTO_STAGIONALE,g.96 <- g.276
-66.0,77516,HIP 77516,3.57036181,SALTO_STAGIONALE,g.11 <- g.361
-66.0,68756,Thuban,3.68181624,DIVENTA_CIRCUMPOLARE,
-66.0,51069,HIP 51069,3.73945475,SALTO_STAGIONALE,g.60 <- g.295
-66.0,61622,HIP 61622,3.85973087,SALTO_STAGIONALE,g.119 <- g.233
-66.0,88192,HIP 88192,3.96098353,SALTO_STAGIONALE,g.1 <- g.359
-66.0,9598,Gang,4.00881726,CESSA_CIRCUMPOLARE,
-67.0,5447,Mirach,2.05252008,CESSA_CIRCUMPOLARE,
-67.0,74785,Zubeneschamali,2.70813445,SALTO_STAGIONALE,g.6 <- g.355
-67.0,97278,Tarazed,2.71923106,DIVENTA_CIRCUMPOLARE,
-67.0,74946,HIP 74946,2.88052342,SALTO_STAGIONALE,g.134 <- g.236
-67.0,60965,Algorab,2.89989631,SALTO_STAGIONALE,g.11 <- g.355
-67.0,71908,Xami,3.13754977,SALTO_STAGIONALE,g.119 <- g.235
-67.0,89962,HIP 89962,3.28064053,DIVENTA_CIRCUMPOLARE,
-67.0,79882,Yed Posterior,3.28264543,SALTO_STAGIONALE,g.4 <- g.354
-67.0,3092,HIP 3092,3.30667435,CESSA_CIRCUMPOLARE,
-67.0,84379,Sarin,3.37133609,DIVENTA_CIRCUMPOLARE,
-67.0,7607,Nembus,3.52681093,CESSA_CIRCUMPOLARE,
-67.0,49841,HIP 49841,3.53071855,SALTO_STAGIONALE,g.4 <- g.336
-67.0,81693,Tianji,3.64788098,DIVENTA_CIRCUMPOLARE,
-67.0,4436,HIP 4436,3.8350407,CESSA_CIRCUMPOLARE,
-67.0,83207,Khepdenreret,3.99005357,DIVENTA_CIRCUMPOLARE,
-67.0,8068,Dajiangjunbei,4.0614352,CESSA_CIRCUMPOLARE,
-68.0,82273,Atria,1.91444387,SALTO_STAGIONALE,g.129 <- g.223
-68.0,9640,Almach,2.27530836,CESSA_CIRCUMPOLARE,
-68.0,68002,Leepwal,2.5370183,SALTO_STAGIONALE,g.102 <- g.263
-68.0,81377,HIP 81377,2.58143036,SALTO_STAGIONALE,g.5 <- g.354
-68.0,59803,Gienah,2.5969777,SALTO_STAGIONALE,g.6 <- g.347
-68.0,72622,Zubenelgenubi,2.81474614,SALTO_STAGIONALE,g.3 <- g.350
-68.0,14328,HIP 14328,2.92453825,CESSA_CIRCUMPOLARE,
-68.0,93747,Okab,3.13073655,DIVENTA_CIRCUMPOLARE,
-68.0,67472,HIP 67472,3.1797198,SALTO_STAGIONALE,g.93 <- g.278
-68.0,88048,HIP 88048,3.28944112,SALTO_STAGIONALE,g.15 <- g.365
-68.0,67464,Heng,3.39485456,SALTO_STAGIONALE,g.91 <- g.276
-68.0,81833,HIP 81833,3.45802194,DIVENTA_CIRCUMPOLARE,
-68.0,69996,HIP 69996,3.52147155,SALTO_STAGIONALE,g.98 <- g.267
-68.0,49841,HIP 49841,3.52961896,SALTO_STAGIONALE,g.336 <- g.304
-68.0,55282,HIP 55282,3.57958983,SALTO_STAGIONALE,g.28 <- g.322
-68.0,95501,HIP 95501,3.64910807,SALTO_STAGIONALE,g.3 <- g.358
-68.0,68756,Thuban,3.68255334,CESSA_CIRCUMPOLARE,
-68.0,87933,HIP 87933,3.70543457,DIVENTA_CIRCUMPOLARE,
-68.0,13268,Miram,3.7677161,CESSA_CIRCUMPOLARE,
-68.0,68245,HIP 68245,3.81281969,SALTO_STAGIONALE,g.92 <- g.280
-68.0,68282,HIP 68282,3.85945755,SALTO_STAGIONALE,g.100 <- g.259
-68.0,71536,HIP 71536,4.02455626,SALTO_STAGIONALE,g.103 <- g.253
-68.0,101421,Aldulfin,4.05864533,DIVENTA_CIRCUMPOLARE,
-68.0,98036,Alshain,4.15086128,DIVENTA_CIRCUMPOLARE,
-69.0,69673,Arcturus,0.51746384,DIVENTA_CIRCUMPOLARE,
-69.0,15863,Mirfak,1.79749496,CESSA_CIRCUMPOLARE,
-69.0,68933,Menkent,2.11154792,SALTO_STAGIONALE,g.15 <- g.360
-69.0,71860,Uridim,2.29703366,SALTO_STAGIONALE,g.95 <- g.274
-69.0,78401,Dschubba,2.32348998,SALTO_STAGIONALE,g.11 <- g.358
-69.0,71352,HIP 71352,2.35662922,SALTO_STAGIONALE,g.76 <- g.285
-69.0,84012,Sabik,2.44537547,SALTO_STAGIONALE,g.12 <- g.360
-69.0,78820,Acrab,2.56234981,SALTO_STAGIONALE,g.6 <- g.353
-69.0,61359,Kraz,2.67255734,SALTO_STAGIONALE,g.5 <- g.341
-69.0,65109,Kulou,2.764945,SALTO_STAGIONALE,g.60 <- g.316
-69.0,77952,HIP 77952,2.82996699,SALTO_STAGIONALE,g.104 <- g.263
-69.0,59316,HIP 59316,2.99348281,SALTO_STAGIONALE,g.15 <- g.347
-69.0,64962,Naga,3.01345781,SALTO_STAGIONALE,g.3 <- g.343
-69.0,68895,HIP 68895,3.1314793,SALTO_STAGIONALE,g.10 <- g.352
-69.0,84380,Nuchuang,3.19858394,DIVENTA_CIRCUMPOLARE,
-69.0,73714,Brachium,3.30240559,SALTO_STAGIONALE,g.17 <- g.362
-69.0,74395,HIP 74395,3.45209905,SALTO_STAGIONALE,g.100 <- g.268
-69.0,93805,HIP 93805,3.4790103,SALTO_STAGIONALE,g.7 <- g.359
-69.0,107089,HIP 107089,3.48690643,SALTO_STAGIONALE,g.144 <- g.221
-69.0,98337,HIP 98337,3.54143557,DIVENTA_CIRCUMPOLARE,
-69.0,86929,HIP 86929,3.6190189,SALTO_STAGIONALE,g.120 <- g.229
-69.0,14668,Misam,3.6732999,CESSA_CIRCUMPOLARE,
-69.0,82363,HIP 82363,3.73705058,SALTO_STAGIONALE,g.112 <- g.252
-69.0,101769,Rotanev,3.75462244,DIVENTA_CIRCUMPOLARE,
-69.0,86263,HIP 86263,3.76414318,SALTO_STAGIONALE,g.16 <- g.365
-69.0,97365,HIP 97365,3.77765327,DIVENTA_CIRCUMPOLARE,
-69.0,101958,Sualocin,3.77912246,DIVENTA_CIRCUMPOLARE,
-69.0,74376,HIP 74376,3.81544346,SALTO_STAGIONALE,g.94 <- g.260
-69.0,61281,HIP 61281,3.87501202,CESSA_CIRCUMPOLARE,
-69.0,88794,HIP 88794,3.87506352,DIVENTA_CIRCUMPOLARE,
-69.0,73807,HIP 73807,3.88532533,SALTO_STAGIONALE,g.93 <- g.282
-69.0,79992,Asuusiha,3.92058802,DIVENTA_CIRCUMPOLARE,
-69.0,78933,HIP 78933,3.96054971,SALTO_STAGIONALE,g.14 <- g.361
-69.0,98495,HIP 98495,3.99767666,SALTO_STAGIONALE,g.135 <- g.220
-70.0,24608,Capella,-0.28772701,CESSA_CIRCUMPOLARE,
-70.0,91262,Vega,0.31723894,DIVENTA_CIRCUMPOLARE,
-70.0,80763,Antares,1.02291452,SALTO_STAGIONALE,g.5 <- g.352
-70.0,107315,Enif,2.09615985,SALTO_STAGIONALE,g.10 <- g.365
-70.0,61359,Kraz,2.67290695,SALTO_STAGIONALE,g.341 <- g.310
-70.0,73273,HIP 73273,2.67710679,SALTO_STAGIONALE,g.74 <- g.295
-70.0,9236,HIP 9236,2.81524523,SALTO_STAGIONALE,g.157 <- g.209
-70.0,81266,Paikauhale,2.81988076,SALTO_STAGIONALE,g.19 <- g.365
-70.0,85258,HIP 85258,2.84038909,SALTO_STAGIONALE,g.100 <- g.255
-70.0,80112,Alniyat,2.90753499,SALTO_STAGIONALE,g.9 <- g.355
-70.0,78265,Fang,2.91074598,SALTO_STAGIONALE,g.6 <- g.352
-70.0,10064,Alaybasan,2.96617738,CESSA_CIRCUMPOLARE,
-70.0,59316,HIP 59316,2.99338659,SALTO_STAGIONALE,g.347 <- g.312
-70.0,17358,Sarvvis,3.00618749,CESSA_CIRCUMPOLARE,
-70.0,95947,Albireo,3.11421542,DIVENTA_CIRCUMPOLARE,
-70.0,73334,HIP 73334,3.12219603,SALTO_STAGIONALE,g.72 <- g.293
-70.0,83081,HIP 83081,3.12674307,SALTO_STAGIONALE,g.103 <- g.249
-70.0,99473,Antinous,3.2995699,SALTO_STAGIONALE,g.8 <- g.360
-70.0,85267,HIP 85267,3.32587384,SALTO_STAGIONALE,g.104 <- g.258
-70.0,75264,HIP 75264,3.36505566,SALTO_STAGIONALE,g.80 <- g.278
-70.0,102395,HIP 102395,3.40072719,SALTO_STAGIONALE,g.131 <- g.234
-70.0,55282,HIP 55282,3.58038263,SALTO_STAGIONALE,g.322 <- g.290
-70.0,85727,HIP 85727,3.58948444,SALTO_STAGIONALE,g.111 <- g.242
-70.0,76600,HIP 76600,3.64659072,SALTO_STAGIONALE,g.20 <- g.364
-70.0,76470,HIP 76470,3.65700517,SALTO_STAGIONALE,g.16 <- g.360
-70.0,14354,HIP 14354,3.72551779,CESSA_CIRCUMPOLARE,
-70.0,56211,Giausar,3.83629805,CESSA_CIRCUMPOLARE,
-70.0,78104,Iklil,3.87958058,SALTO_STAGIONALE,g.21 <- g.366
-71.0,69673,Arcturus,0.54115414,CESSA_CIRCUMPOLARE,
-71.0,54061,Dubhe,1.84047655,CESSA_CIRCUMPOLARE,
-71.0,71683,Rigil Kentaurus,1.89281356,SALTO_STAGIONALE,g.90 <- g.262
-71.0,14576,Algol,2.28635328,CESSA_CIRCUMPOLARE,
-71.0,82396,Larawag,2.36927767,SALTO_STAGIONALE,g.16 <- g.362
-71.0,113881,Scheat,2.5038768,DIVENTA_CIRCUMPOLARE,
-71.0,102488,Aljanah,2.60525339,DIVENTA_CIRCUMPOLARE,
-71.0,76297,HIP 76297,2.79722977,SALTO_STAGIONALE,g.52 <- g.297
-71.0,88635,Alnasl,2.8724499,SALTO_STAGIONALE,g.17 <- g.364
-71.0,90496,Kaus Borealis,3.10933479,SALTO_STAGIONALE,g.14 <- g.361
-71.0,75141,HIP 75141,3.21583428,SALTO_STAGIONALE,g.54 <- g.293
-71.0,93194,Sulafat,3.2626828,DIVENTA_CIRCUMPOLARE,
-71.0,84970,HIP 84970,3.27150906,SALTO_STAGIONALE,g.2 <- g.348
-71.0,41704,Muscida,3.31587615,CESSA_CIRCUMPOLARE,
-71.0,112748,Sadalbari,3.43010402,DIVENTA_CIRCUMPOLARE,
-71.0,75177,HIP 75177,3.61490794,SALTO_STAGIONALE,g.21 <- g.362
-71.0,28358,Bagu,3.68973784,CESSA_CIRCUMPOLARE,
-71.0,46733,HIP 46733,3.71105898,CESSA_CIRCUMPOLARE,
-71.0,92420,Sheliak,3.81713127,DIVENTA_CIRCUMPOLARE,
-71.0,89341,Polis,3.82008759,SALTO_STAGIONALE,g.9 <- g.356
-71.0,109176,HIP 109176,3.87045719,DIVENTA_CIRCUMPOLARE,
-71.0,77634,HIP 77634,3.9433282,SALTO_STAGIONALE,g.16 <- g.358
-71.0,71865,HIP 71865,3.99514427,SALTO_STAGIONALE,g.44 <- g.305
-71.0,19343,HIP 19343,4.03337896,CESSA_CIRCUMPOLARE,
-72.0,7588,Achernar,0.39194609,SALTO_STAGIONALE,g.147 <- g.215
-72.0,85927,Shaula,1.62295565,SALTO_STAGIONALE,g.19 <- g.364
-72.0,62956,Alioth,1.82422513,CESSA_CIRCUMPOLARE,
-72.0,90185,Kaus Australis,1.89364508,SALTO_STAGIONALE,g.18 <- g.364
-72.0,100751,Peacock,1.9350426,SALTO_STAGIONALE,g.103 <- g.261
-72.0,92855,Nunki,2.09261921,SALTO_STAGIONALE,g.7 <- g.354
-72.0,677,Alpheratz,2.14269346,DIVENTA_CIRCUMPOLARE,
-72.0,113963,Markab,2.49656729,SALTO_STAGIONALE,g.11 <- g.365
-72.0,89931,Kaus Media,2.72589137,SALTO_STAGIONALE,g.10 <- g.356
-72.0,110130,Lang-Exster,2.75250437,SALTO_STAGIONALE,g.130 <- g.239
-72.0,85792,HIP 85792,2.87778584,SALTO_STAGIONALE,g.79 <- g.270
-72.0,94141,Albaldah,2.91021597,SALTO_STAGIONALE,g.3 <- g.351
-72.0,112158,Matar,2.93632293,DIVENTA_CIRCUMPOLARE,
-72.0,10064,Alaybasan,2.96521207,DIVENTA_CIRCUMPOLARE,
-72.0,82514,Xamidimura,3.08774407,SALTO_STAGIONALE,g.22 <- g.365
-72.0,100345,Dabih,3.10632652,SALTO_STAGIONALE,g.16 <- g.365
-72.0,93864,HIP 93864,3.10713491,SALTO_STAGIONALE,g.9 <- g.356
-72.0,92041,HIP 92041,3.12367387,SALTO_STAGIONALE,g.12 <- g.358
-72.0,104732,HIP 104732,3.14302037,DIVENTA_CIRCUMPOLARE,
-72.0,46853,HIP 46853,3.17131579,CESSA_CIRCUMPOLARE,
-72.0,3092,HIP 3092,3.30948858,DIVENTA_CIRCUMPOLARE,
-72.0,59774,Megrez,3.39500894,CESSA_CIRCUMPOLARE,
-72.0,78384,HIP 78384,3.41051729,SALTO_STAGIONALE,g.18 <- g.356
-72.0,93085,HIP 93085,3.54150636,SALTO_STAGIONALE,g.2 <- g.349
-72.0,82545,Pipirima,3.55878845,SALTO_STAGIONALE,g.24 <- g.366
-72.0,100064,Algedi,3.56708202,SALTO_STAGIONALE,g.11 <- g.360
-72.0,109427,Biham,3.57514564,SALTO_STAGIONALE,g.9 <- g.361
-72.0,103227,HIP 103227,3.64768041,SALTO_STAGIONALE,g.118 <- g.251
-72.0,48319,HIP 48319,3.65571462,CESSA_CIRCUMPOLARE,
-72.0,93683,HIP 93683,3.66351977,SALTO_STAGIONALE,g.3 <- g.350
-72.0,88714,HIP 88714,3.67737644,SALTO_STAGIONALE,g.87 <- g.288
-72.0,86974,HIP 86974,3.75992881,DIVENTA_CIRCUMPOLARE,
-72.0,17529,HIP 17529,3.78762677,CESSA_CIRCUMPOLARE,
-72.0,102618,Albali,3.81541027,SALTO_STAGIONALE,g.17 <- g.366
-72.0,9007,HIP 9007,3.82348962,SALTO_STAGIONALE,g.138 <- g.229
-72.0,95168,HIP 95168,3.91622914,SALTO_STAGIONALE,g.8 <- g.355
-72.0,104887,HIP 104887,3.93370904,DIVENTA_CIRCUMPOLARE,
-72.0,5348,Wurren,3.96165181,SALTO_STAGIONALE,g.148 <- g.213
-73.0,5447,Mirach,2.05340978,DIVENTA_CIRCUMPOLARE,
-73.0,65378,Mizar,2.09933768,CESSA_CIRCUMPOLARE,
-73.0,100453,Sadr,2.21022337,DIVENTA_CIRCUMPOLARE,
-73.0,14576,Algol,2.28570183,DIVENTA_CIRCUMPOLARE,
-73.0,86670,HIP 86670,2.42278055,SALTO_STAGIONALE,g.13 <- g.355
-73.0,53910,Merak,2.44181299,CESSA_CIRCUMPOLARE,
-73.0,93506,Ascella,2.46017322,SALTO_STAGIONALE,g.7 <- g.352
-73.0,58001,Phecda,2.51532727,CESSA_CIRCUMPOLARE,
-73.0,85696,Lesath,2.68857675,SALTO_STAGIONALE,g.3 <- g.343
-73.0,65109,Kulou,2.76671443,SALTO_STAGIONALE,g.316 <- g.282
-73.0,106278,Sadalsuud,2.89238736,SALTO_STAGIONALE,g.10 <- g.359
-73.0,109074,Sadalmelik,2.93812723,SALTO_STAGIONALE,g.14 <- g.364
-73.0,44127,Talitha,3.02635421,CESSA_CIRCUMPOLARE,
-73.0,89642,HIP 89642,3.0834666,SALTO_STAGIONALE,g.9 <- g.352
-73.0,87261,Fuyue,3.09808017,SALTO_STAGIONALE,g.11 <- g.352
-73.0,101772,HIP 101772,3.11610289,SALTO_STAGIONALE,g.91 <- g.257
-73.0,112029,Homam,3.38873693,SALTO_STAGIONALE,g.4 <- g.357
-73.0,78384,HIP 78384,3.4103909,SALTO_STAGIONALE,g.356 <- g.325
-73.0,112623,HIP 112623,3.50303205,SALTO_STAGIONALE,g.112 <- g.236
-73.0,10602,HIP 10602,3.51317208,SALTO_STAGIONALE,g.152 <- g.219
-73.0,84143,HIP 84143,3.52371013,SALTO_STAGIONALE,g.6 <- g.344
-73.0,82729,HIP 82729,3.70133716,SALTO_STAGIONALE,g.6 <- g.344
-73.0,14354,HIP 14354,3.72381505,DIVENTA_CIRCUMPOLARE,
-73.0,17529,HIP 17529,3.78777046,DIVENTA_CIRCUMPOLARE,
-73.0,4436,HIP 4436,3.83296759,DIVENTA_CIRCUMPOLARE,
-73.0,92862,HIP 92862,4.67962635,DIVENTA_CIRCUMPOLARE,
-74.0,86228,Sargas,1.85643832,SALTO_STAGIONALE,g.14 <- g.348
-74.0,67301,Alkaid,1.92589371,CESSA_CIRCUMPOLARE,
-74.0,28360,Menkalinan,2.02055226,SALTO_STAGIONALE,g.92 <- g.62
-74.0,112122,Tiaki,2.14772191,SALTO_STAGIONALE,g.102 <- g.252
-74.0,9640,Almach,2.27666354,DIVENTA_CIRCUMPOLARE,
-74.0,97165,Fawaris,2.93113349,DIVENTA_CIRCUMPOLARE,
-74.0,107556,Deneb Algedi,2.9604147,SALTO_STAGIONALE,g.2 <- g.350
-74.0,87073,HIP 87073,3.02859836,SALTO_STAGIONALE,g.1 <- g.337
-74.0,5165,HIP 5165,3.31816448,SALTO_STAGIONALE,g.136 <- g.218
-74.0,90422,HIP 90422,3.49585987,SALTO_STAGIONALE,g.52 <- g.314
-74.0,110960,HIP 110960,3.50464658,SALTO_STAGIONALE,g.8 <- g.357
-74.0,44471,Alkaphrah,3.57741939,CESSA_CIRCUMPOLARE,
-74.0,113726,Alfarasalkamil,3.64193421,DIVENTA_CIRCUMPOLARE,
-74.0,104060,HIP 104060,3.70942509,DIVENTA_CIRCUMPOLARE,
-74.0,57399,Taiyangshou,3.73832925,CESSA_CIRCUMPOLARE,
-74.0,106985,Nashira,3.77673307,SALTO_STAGIONALE,g.18 <- g.365
-74.0,114971,HIP 114971,3.83117674,SALTO_STAGIONALE,g.2 <- g.352
-74.0,2072,HIP 2072,3.83594414,SALTO_STAGIONALE,g.119 <- g.231
-74.0,110395,Sadachbia,3.91400719,SALTO_STAGIONALE,g.10 <- g.359
-74.0,79992,Asuusiha,3.92232465,CESSA_CIRCUMPOLARE,
-74.0,95241,Arkab Prior,3.92668592,SALTO_STAGIONALE,g.62 <- g.305
-74.0,103413,HIP 103413,3.97577717,DIVENTA_CIRCUMPOLARE,
-74.0,99240,HIP 99240,4.30783121,SALTO_STAGIONALE,g.56 <- g.310
-75.0,102098,Deneb,1.24777795,DIVENTA_CIRCUMPOLARE,
-75.0,109268,Alnair,1.67899747,SALTO_STAGIONALE,g.88 <- g.259
-75.0,86228,Sargas,1.85640468,SALTO_STAGIONALE,g.348 <- g.312
-75.0,13847,Acamar,2.86527919,SALTO_STAGIONALE,g.143 <- g.212
-75.0,10064,Alaybasan,2.96377309,SALTO_STAGIONALE,g.6 <- g.362
-75.0,17358,Sarvvis,3.00593621,DIVENTA_CIRCUMPOLARE,
-75.0,54539,HIP 54539,3.01974097,CESSA_CIRCUMPOLARE,
-75.0,2021,HIP 2021,3.08539073,SALTO_STAGIONALE,g.14 <- g.341
-75.0,6867,HIP 6867,3.36110745,SALTO_STAGIONALE,g.123 <- g.248
-75.0,50372,Tania Borealis,3.4195868,CESSA_CIRCUMPOLARE,
-75.0,14668,Misam,3.66264161,DIVENTA_CIRCUMPOLARE,
-75.0,105881,HIP 105881,3.74030288,SALTO_STAGIONALE,g.18 <- g.363
-75.0,99675,HIP 99675,3.8034409,DIVENTA_CIRCUMPOLARE,
-75.0,95347,Rukbat,3.96849428,SALTO_STAGIONALE,g.8 <- g.345
-75.0,78072,HIP 78072,3.99965176,CESSA_CIRCUMPOLARE,
-75.0,14879,Dalim,4.06077555,SALTO_STAGIONALE,g.140 <- g.214
-76.0,15863,Mirfak,1.79775817,DIVENTA_CIRCUMPOLARE,
-76.0,14576,Algol,2.2847243,SALTO_STAGIONALE,g.6 <- g.362
-76.0,1067,Algenib,2.82919889,SALTO_STAGIONALE,g.1 <- g.352
-76.0,63125,Cor Caroli,2.9173929,CESSA_CIRCUMPOLARE,
-76.0,14328,HIP 14328,2.92391762,DIVENTA_CIRCUMPOLARE,
-76.0,2021,HIP 2021,3.0968798,SALTO_STAGIONALE,g.341 <- g.305
-76.0,50801,Tania Australis,3.22321568,CESSA_CIRCUMPOLARE,
-76.0,81833,HIP 81833,3.4538994,CESSA_CIRCUMPOLARE,
-76.0,7607,Nembus,3.5210303,DIVENTA_CIRCUMPOLARE,
-76.0,73555,Nekkar,3.5597012,CESSA_CIRCUMPOLARE,
-76.0,8796,Mothallah,3.56339213,SALTO_STAGIONALE,g.4 <- g.358
-76.0,2920,Fulu,3.66821321,DIVENTA_CIRCUMPOLARE,
-76.0,14354,HIP 14354,3.72212492,SALTO_STAGIONALE,g.4 <- g.361
-76.0,53229,Praecipua,3.73662858,CESSA_CIRCUMPOLARE,
-76.0,112961,Shatabhisha,3.75477775,SALTO_STAGIONALE,g.10 <- g.357
-76.0,111169,Stellio,3.82877917,DIVENTA_CIRCUMPOLARE,
-76.0,19343,HIP 19343,4.03335149,DIVENTA_CIRCUMPOLARE,
-76.0,8068,Dajiangjunbei,4.06137595,DIVENTA_CIRCUMPOLARE,
-77.0,113368,Fomalhaut,1.04675962,SALTO_STAGIONALE,g.8 <- g.351
-77.0,2081,Ankaa,1.85064895,SALTO_STAGIONALE,g.85 <- g.264
-77.0,9884,Hamal,2.13606711,SALTO_STAGIONALE,g.6 <- g.358
-77.0,3179,Schedar,2.23515852,DIVENTA_CIRCUMPOLARE,
-77.0,8903,Sheratan,2.66688511,SALTO_STAGIONALE,g.14 <- g.365
-77.0,108085,Aldhanab,2.99583121,SALTO_STAGIONALE,g.45 <- g.304
-77.0,113136,Skat,3.23034197,SALTO_STAGIONALE,g.9 <- g.354
-77.0,71075,Seginus,3.27478362,CESSA_CIRCUMPOLARE,
-77.0,20042,HIP 20042,3.49108198,SALTO_STAGIONALE,g.142 <- g.227
-77.0,90422,HIP 90422,3.49591291,SALTO_STAGIONALE,g.314 <- g.282
-77.0,55219,Alula Borealis,3.52007589,CESSA_CIRCUMPOLARE,
-77.0,74666,Qigong,3.54760539,CESSA_CIRCUMPOLARE,
-77.0,13268,Miram,3.76781631,DIVENTA_CIRCUMPOLARE,
-77.0,86974,HIP 86974,3.78595508,CESSA_CIRCUMPOLARE,
-77.0,45688,HIP 45688,3.80534114,CESSA_CIRCUMPOLARE,
-77.0,116584,Udkadua,3.81678522,DIVENTA_CIRCUMPOLARE,
-77.0,99240,HIP 99240,4.33883345,SALTO_STAGIONALE,g.310 <- g.279
-77.0,102422,HIP 102422,4.34271019,DIVENTA_CIRCUMPOLARE,
-78.0,24608,Capella,-0.32736529,DIVENTA_CIRCUMPOLARE,
-78.0,76267,Alphecca,2.2118073,CESSA_CIRCUMPOLARE,
-78.0,4427,Tiansi,2.30726962,DIVENTA_CIRCUMPOLARE,
-78.0,72105,Izar,2.41983938,CESSA_CIRCUMPOLARE,
-78.0,6686,Ruchbah,2.65470496,DIVENTA_CIRCUMPOLARE,
-78.0,67927,Muphrid,2.70266111,CESSA_CIRCUMPOLARE,
-78.0,18532,Aldu,2.88737913,SALTO_STAGIONALE,g.8 <- g.361
-78.0,84380,Nuchuang,3.20306646,CESSA_CIRCUMPOLARE,
-78.0,8886,Segin,3.37825186,DIVENTA_CIRCUMPOLARE,
-78.0,109492,HIP 109492,3.41119324,DIVENTA_CIRCUMPOLARE,
-78.0,7097,Alpherg,3.59520852,SALTO_STAGIONALE,g.12 <- g.361
-78.0,13209,Bharani,3.60094268,SALTO_STAGIONALE,g.14 <- g.365
-78.0,114341,Safina,3.62269607,SALTO_STAGIONALE,g.14 <- g.355
-78.0,71053,Kalasungsang,3.63261546,CESSA_CIRCUMPOLARE,
-78.0,28358,Bagu,3.68708129,DIVENTA_CIRCUMPOLARE,
-78.0,17529,HIP 17529,3.78848895,SALTO_STAGIONALE,g.1 <- g.356
-78.0,45688,HIP 45688,3.80519043,DIVENTA_CIRCUMPOLARE,
-78.0,21393,Theemin,3.82337228,SALTO_STAGIONALE,g.140 <- g.222
-78.0,8832,HIP 8832,3.88460217,SALTO_STAGIONALE,g.9 <- g.359
-78.0,8102,HIP 8102,4.45707255,SALTO_STAGIONALE,g.127 <- g.233
-79.0,28360,Menkalinan,2.02828121,SALTO_STAGIONALE,g.8 <- g.363
-79.0,746,Caph,2.19944688,DIVENTA_CIRCUMPOLARE,
-79.0,26634,Phact,2.5791147,SALTO_STAGIONALE,g.151 <- g.202
-79.0,23416,Almaaz,3.06044593,SALTO_STAGIONALE,g.4 <- g.358
-79.0,23767,Haedus,3.15245563,SALTO_STAGIONALE,g.9 <- g.362
-79.0,1562,HIP 1562,3.51976832,SALTO_STAGIONALE,g.6 <- g.349
-79.0,15474,HIP 15474,3.57157163,SALTO_STAGIONALE,g.117 <- g.254
-79.0,17378,Rana,3.72693396,SALTO_STAGIONALE,g.129 <- g.233
-79.0,75695,Nusakan,3.77753071,CESSA_CIRCUMPOLARE,
-79.0,76952,Baltesha,3.88671782,CESSA_CIRCUMPOLARE,
-79.0,83207,Khepdenreret,4.00291151,CESSA_CIRCUMPOLARE,
-79.0,107259,Garnet Star,4.53958949,DIVENTA_CIRCUMPOLARE,
-79.0,92862,HIP 92862,4.68362895,CESSA_CIRCUMPOLARE,
-80.0,91262,Vega,0.3556045,CESSA_CIRCUMPOLARE,
-80.0,3419,Diphda,1.96483621,SALTO_STAGIONALE,g.16 <- g.353
-80.0,18246,HIP 18246,2.87572364,SALTO_STAGIONALE,g.4 <- g.355
-80.0,80816,Kornephoros,2.88240269,CESSA_CIRCUMPOLARE,
-80.0,30122,Furud,2.96562402,SALTO_STAGIONALE,g.143 <- g.217
-80.0,23685,Ping,3.17522278,SALTO_STAGIONALE,g.123 <- g.224
-80.0,5364,HIP 5364,3.39544397,SALTO_STAGIONALE,g.1 <- g.343
-80.0,84379,Sarin,3.41556767,CESSA_CIRCUMPOLARE,
-80.0,44471,Alkaphrah,3.57727073,DIVENTA_CIRCUMPOLARE,
-80.0,112724,HIP 112724,3.58299328,DIVENTA_CIRCUMPOLARE,
-80.0,77233,Zhou,3.66627793,CESSA_CIRCUMPOLARE,
-80.0,87933,HIP 87933,3.70671155,CESSA_CIRCUMPOLARE,
-80.0,23453,Saclateni,3.7367667,SALTO_STAGIONALE,g.3 <- g.356
-80.0,81693,Tianji,3.77792463,CESSA_CIRCUMPOLARE,
-80.0,17448,Atik,3.8278166,SALTO_STAGIONALE,g.4 <- g.354
-80.0,30277,HIP 30277,3.84877253,SALTO_STAGIONALE,g.149 <- g.207
-80.0,80170,HIP 80170,3.89304068,SALTO_STAGIONALE,g.166 <- g.136
-80.0,9598,Gang,4.017997,DIVENTA_CIRCUMPOLARE,
-81.0,21421,Aldebaran,0.325777,SALTO_STAGIONALE,g.15 <- g.365
-81.0,25428,Elnath,1.6138771,SALTO_STAGIONALE,g.12 <- g.362
-81.0,86032,Rasalhague,1.93054064,CESSA_CIRCUMPOLARE,
-81.0,3419,Diphda,1.96407054,SALTO_STAGIONALE,g.353 <- g.320
-81.0,28380,Mahasim,2.54133802,SALTO_STAGIONALE,g.5 <- g.357
-81.0,25985,Arneb,2.57433235,SALTO_STAGIONALE,g.119 <- g.236
-81.0,23015,Hassaleh,2.66954922,SALTO_STAGIONALE,g.6 <- g.356
-81.0,35264,HIP 35264,2.68918505,SALTO_STAGIONALE,g.156 <- g.207
-81.0,18543,Zaurak,2.75095867,SALTO_STAGIONALE,g.96 <- g.265
-81.0,17702,Alcyone (Pleiadi),2.85919348,SALTO_STAGIONALE,g.2 <- g.351
-81.0,25606,Nihal,2.88549909,SALTO_STAGIONALE,g.122 <- g.235
-81.0,97165,Fawaris,2.93762288,CESSA_CIRCUMPOLARE,
-81.0,24305,Bade,3.09575299,SALTO_STAGIONALE,g.116 <- g.243
-81.0,50801,Tania Australis,3.22726621,DIVENTA_CIRCUMPOLARE,
-81.0,93194,Sulafat,3.26482258,CESSA_CIRCUMPOLARE,
-81.0,6537,HIP 6537,3.51780607,SALTO_STAGIONALE,g.2 <- g.343
-81.0,55219,Alula Borealis,3.52074802,DIVENTA_CIRCUMPOLARE,
-81.0,17847,Atlas,3.60768717,SALTO_STAGIONALE,g.6 <- g.355
-81.0,17499,Electra,3.69705391,SALTO_STAGIONALE,g.5 <- g.353
-81.0,116727,Errai,3.71209636,DIVENTA_CIRCUMPOLARE,
-81.0,53229,Praecipua,3.73246289,DIVENTA_CIRCUMPOLARE,
-81.0,9487,Alrescha,3.78803824,SALTO_STAGIONALE,g.5 <- g.348
-81.0,71795,HIP 71795,3.80122236,CESSA_CIRCUMPOLARE,
-81.0,92420,Sheliak,3.8194679,CESSA_CIRCUMPOLARE,
-81.0,17573,Maia,3.85228317,SALTO_STAGIONALE,g.5 <- g.354
-81.0,88794,HIP 88794,3.88225982,CESSA_CIRCUMPOLARE,
-81.0,32759,HIP 32759,3.8875178,SALTO_STAGIONALE,g.151 <- g.203
-81.0,80170,HIP 80170,3.8941587,CESSA_CIRCUMPOLARE,
-82.0,33579,Adhara,1.46061397,SALTO_STAGIONALE,g.140 <- g.212
-82.0,34444,Wezen,1.81697572,SALTO_STAGIONALE,g.132 <- g.213
-82.0,30324,Mirzam,1.93398069,SALTO_STAGIONALE,g.119 <- g.241
-82.0,35904,Aludra,2.43539875,SALTO_STAGIONALE,g.138 <- g.208
-82.0,14135,Menkar,2.58912651,SALTO_STAGIONALE,g.13 <- g.357
-82.0,44127,Talitha,3.01781471,DIVENTA_CIRCUMPOLARE,
-82.0,33977,HIP 33977,3.02322568,SALTO_STAGIONALE,g.130 <- g.228
-82.0,41704,Muscida,3.30835687,DIVENTA_CIRCUMPOLARE,
-82.0,20889,Ain,3.3685708,SALTO_STAGIONALE,g.14 <- g.361
-82.0,27288,Darlugal,3.37213808,SALTO_STAGIONALE,g.117 <- g.242
-82.0,50372,Tania Borealis,3.41720657,DIVENTA_CIRCUMPOLARE,
-82.0,33856,Nganurganity,3.45345576,SALTO_STAGIONALE,g.140 <- g.216
-82.0,12706,Kaffaljidhma,3.5140268,SALTO_STAGIONALE,g.10 <- g.354
-82.0,55219,Alula Borealis,3.5209162,SALTO_STAGIONALE,g.363 <- g.2
-82.0,37819,HIP 37819,3.59160787,SALTO_STAGIONALE,g.156 <- g.204
-82.0,20455,Secunda Hyadum,3.60647183,SALTO_STAGIONALE,g.18 <- g.364
-82.0,84345,Rasalgethi,3.63453651,CESSA_CIRCUMPOLARE,
-82.0,15900,HIP 15900,3.66197735,SALTO_STAGIONALE,g.19 <- g.364
-82.0,16083,HIP 16083,3.66428859,SALTO_STAGIONALE,g.13 <- g.357
-82.0,8645,Baten Kaitos,3.70387051,SALTO_STAGIONALE,g.20 <- g.353
-82.0,46733,HIP 46733,3.71300678,DIVENTA_CIRCUMPOLARE,
-82.0,28103,HIP 28103,3.7399115,SALTO_STAGIONALE,g.123 <- g.231
-82.0,99675,HIP 99675,3.80375366,CESSA_CIRCUMPOLARE,
-82.0,45688,HIP 45688,3.80459641,SALTO_STAGIONALE,g.10 <- g.365
-82.0,35037,HIP 35037,3.87470393,SALTO_STAGIONALE,g.136 <- g.220
-82.0,76276,HIP 76276,3.88300056,CESSA_CIRCUMPOLARE,
-82.0,102422,HIP 102422,4.39143381,CESSA_CIRCUMPOLARE,
-83.0,24436,Rigel,0.08517962,SALTO_STAGIONALE,g.96 <- g.257
-83.0,102098,Deneb,1.24796272,CESSA_CIRCUMPOLARE,
-83.0,36850,Castor,1.72122751,SALTO_STAGIONALE,g.6 <- g.357
-83.0,27366,Saiph,2.04540916,SALTO_STAGIONALE,g.104 <- g.257
-83.0,100453,Sadr,2.21051978,CESSA_CIRCUMPOLARE,
-83.0,53910,Merak,2.45199629,DIVENTA_CIRCUMPOLARE,
-83.0,77070,Unukalhai,2.58041092,CESSA_CIRCUMPOLARE,
-83.0,22449,Tabit,2.60038643,SALTO_STAGIONALE,g.22 <- g.365
-83.0,26241,Hatysa,2.76188243,SALTO_STAGIONALE,g.96 <- g.273
-83.0,23875,Cursa,2.84827761,SALTO_STAGIONALE,g.88 <- g.285
-83.0,16537,Ran,2.88986832,SALTO_STAGIONALE,g.103 <- g.250
-83.0,54539,HIP 54539,3.02144945,DIVENTA_CIRCUMPOLARE,
-83.0,95947,Albireo,3.12034011,CESSA_CIRCUMPOLARE,
-83.0,20894,Chamukuy (Iadi),3.23345952,SALTO_STAGIONALE,g.5 <- g.351
-83.0,18724,Bibing,3.42285482,SALTO_STAGIONALE,g.9 <- g.353
-83.0,20205,Prima Hyadum,3.47512198,SALTO_STAGIONALE,g.2 <- g.347
-83.0,33018,HIP 33018,3.49049864,SALTO_STAGIONALE,g.4 <- g.355
-83.0,55219,Alula Borealis,3.52108445,SALTO_STAGIONALE,g.2 <- g.362
-83.0,24674,HIP 24674,3.5671347,SALTO_STAGIONALE,g.100 <- g.264
-83.0,8645,Baten Kaitos,3.703625,SALTO_STAGIONALE,g.353 <- g.318
-83.0,83000,HIP 83000,3.764854,CESSA_CIRCUMPOLARE,
-83.0,37229,HIP 37229,3.76778465,SALTO_STAGIONALE,g.136 <- g.212
-83.0,27072,HIP 27072,3.80655784,SALTO_STAGIONALE,g.121 <- g.257
-83.0,80883,Marfik,3.87328049,CESSA_CIRCUMPOLARE,
-83.0,21444,HIP 21444,3.91647246,SALTO_STAGIONALE,g.87 <- g.288
-83.0,22109,HIP 22109,3.9946787,SALTO_STAGIONALE,g.87 <- g.294
-84.0,26311,Alnilam,1.68582326,SALTO_STAGIONALE,g.78 <- g.261
-84.0,26727,Alnitak (Cin.Orione),1.7502084,SALTO_STAGIONALE,g.82 <- g.265
-84.0,54061,Dubhe,1.84812073,DIVENTA_CIRCUMPOLARE,
-84.0,25930,Mintaka,2.2355594,SALTO_STAGIONALE,g.76 <- g.286
-84.0,58001,Phecda,2.52739347,DIVENTA_CIRCUMPOLARE,
-84.0,30343,Tejat,2.74071354,SALTO_STAGIONALE,g.5 <- g.352
-84.0,26451,Tianguan,2.99189771,SALTO_STAGIONALE,g.4 <- g.351
-84.0,32246,Mebsuta,2.99264591,SALTO_STAGIONALE,g.13 <- g.361
-84.0,45860,HIP 45860,3.04374031,SALTO_STAGIONALE,g.6 <- g.359
-84.0,93747,Okab,3.16276526,CESSA_CIRCUMPOLARE,
-84.0,27654,HIP 27654,3.30665787,SALTO_STAGIONALE,g.83 <- g.279
-84.0,38170,Azmidi,3.34185523,SALTO_STAGIONALE,g.132 <- g.230
-84.0,25281,HIP 25281,3.34402368,SALTO_STAGIONALE,g.88 <- g.289
-84.0,29655,Propus,3.61979379,SALTO_STAGIONALE,g.18 <- g.365
-84.0,48319,HIP 48319,3.63500122,DIVENTA_CIRCUMPOLARE,
-84.0,57399,Taiyangshou,3.74219099,DIVENTA_CIRCUMPOLARE,
-84.0,30867,HIP 30867,3.74462765,SALTO_STAGIONALE,g.103 <- g.253
-84.0,36046,HIP 36046,3.75644227,SALTO_STAGIONALE,g.14 <- g.363
-84.0,77622,HIP 77622,3.79555466,CESSA_CIRCUMPOLARE,
-84.0,87108,Bake-eo,3.82570666,CESSA_CIRCUMPOLARE,
-84.0,26549,HIP 26549,3.8327031,SALTO_STAGIONALE,g.93 <- g.268
-84.0,88771,HIP 88771,3.882278,CESSA_CIRCUMPOLARE,
-84.0,18907,HIP 18907,3.92200371,SALTO_STAGIONALE,g.16 <- g.355
-84.0,26551,HIP 26551,6.81200049,SALTO_STAGIONALE,g.104 <- g.275
-85.0,37279,Procyon,0.80393726,SALTO_STAGIONALE,g.4 <- g.354
-85.0,37826,Pollux,1.17644141,SALTO_STAGIONALE,g.1 <- g.352
-85.0,31681,Alhena,2.00059291,SALTO_STAGIONALE,g.13 <- g.360
-85.0,11767,Polaris,2.01560124,DIVENTA_CIRCUMPOLARE,
-85.0,39757,Tureis,2.29416727,SALTO_STAGIONALE,g.130 <- g.222
-85.0,102488,Aljanah,2.63111668,CESSA_CIRCUMPOLARE,
-85.0,86742,Cebalrai,2.86392106,CESSA_CIRCUMPOLARE,
-85.0,89962,HIP 89962,3.31791387,CESSA_CIRCUMPOLARE,
-85.0,59774,Megrez,3.40937804,DIVENTA_CIRCUMPOLARE,
-85.0,37740,HIP 37740,3.48695498,SALTO_STAGIONALE,g.11 <- g.359
-85.0,35550,Wasat,3.49863159,SALTO_STAGIONALE,g.17 <- g.364
-85.0,98337,HIP 98337,3.55454338,CESSA_CIRCUMPOLARE,
-85.0,42828,HIP 42828,3.66688089,SALTO_STAGIONALE,g.142 <- g.210
-85.0,22797,HIP 22797,3.69305437,SALTO_STAGIONALE,g.54 <- g.319
-85.0,104060,HIP 104060,3.71078832,CESSA_CIRCUMPOLARE,
-85.0,97365,HIP 97365,3.77712597,CESSA_CIRCUMPOLARE,
-85.0,77622,HIP 77622,3.79659168,DIVENTA_CIRCUMPOLARE,
-85.0,56211,Giausar,3.83434088,DIVENTA_CIRCUMPOLARE,
-85.0,88192,HIP 88192,3.96126154,CESSA_CIRCUMPOLARE,
-85.0,103413,HIP 103413,3.98105293,CESSA_CIRCUMPOLARE,
-85.0,98036,Alshain,4.24841113,CESSA_CIRCUMPOLARE,
-85.0,107259,Garnet Star,4.53955946,CESSA_CIRCUMPOLARE,
-86.0,27989,Betelgeuse,0.84313041,SALTO_STAGIONALE,g.20 <- g.363
-86.0,25336,Bellatrix,1.58960045,SALTO_STAGIONALE,g.12 <- g.351
-86.0,97649,Altair,1.62348235,SALTO_STAGIONALE,g.132 <- g.99
-86.0,62956,Alioth,1.83597662,DIVENTA_CIRCUMPOLARE,
-86.0,65378,Mizar,2.10651073,DIVENTA_CIRCUMPOLARE,
-86.0,746,Caph,2.19879911,CESSA_CIRCUMPOLARE,
-86.0,50583,Algieba,2.2017514,SALTO_STAGIONALE,g.9 <- g.359
-86.0,77070,Unukalhai,2.57985501,DIVENTA_CIRCUMPOLARE,
-86.0,67927,Muphrid,2.70719321,DIVENTA_CIRCUMPOLARE,
-86.0,97278,Tarazed,2.71958123,CESSA_CIRCUMPOLARE,
-86.0,54872,Zosma,2.77596275,SALTO_STAGIONALE,g.10 <- g.361
-86.0,63125,Cor Caroli,2.92212497,DIVENTA_CIRCUMPOLARE,
-86.0,47908,HIP 47908,2.9669564,SALTO_STAGIONALE,g.10 <- g.360
-86.0,32362,Alzirr,3.0857866,SALTO_STAGIONALE,g.4 <- g.349
-86.0,104732,HIP 104732,3.13096914,CESSA_CIRCUMPOLARE,
-86.0,46853,HIP 46853,3.20757032,DIVENTA_CIRCUMPOLARE,
-86.0,26207,Meissa,3.37326345,SALTO_STAGIONALE,g.6 <- g.345
-86.0,109492,HIP 109492,3.41231304,CESSA_CIRCUMPOLARE,
-86.0,50335,Adhafera,3.46863702,SALTO_STAGIONALE,g.14 <- g.364
-86.0,22549,HIP 22549,3.66329992,SALTO_STAGIONALE,g.4 <- g.336
-86.0,35350,HIP 35350,3.67823527,SALTO_STAGIONALE,g.17 <- g.362
-86.0,95501,HIP 95501,3.71944526,CESSA_CIRCUMPOLARE,
-86.0,101958,Sualocin,3.78129126,CESSA_CIRCUMPOLARE,
-86.0,101769,Rotanev,3.78170925,CESSA_CIRCUMPOLARE,
-86.0,71795,HIP 71795,3.80240574,DIVENTA_CIRCUMPOLARE,
-86.0,61281,HIP 61281,3.87824813,DIVENTA_CIRCUMPOLARE,
-86.0,104887,HIP 104887,3.97251697,CESSA_CIRCUMPOLARE,
-87.0,25336,Bellatrix,1.58906801,SALTO_STAGIONALE,g.351 <- g.319
-87.0,97649,Altair,1.63182832,CESSA_CIRCUMPOLARE,
-87.0,57632,Denebola,2.19090977,SALTO_STAGIONALE,g.5 <- g.358
-87.0,89937,HIP 89937,2.76459651,DIVENTA_CIRCUMPOLARE,
-87.0,22549,HIP 22549,3.66309796,SALTO_STAGIONALE,g.336 <- g.305
-87.0,111169,Stellio,3.83900779,CESSA_CIRCUMPOLARE,
-87.0,76276,HIP 76276,3.88789792,DIVENTA_CIRCUMPOLARE,
-87.0,101421,Aldulfin,4.06584237,CESSA_CIRCUMPOLARE,
-88.0,32349,Sirius,-0.71911564,SALTO_STAGIONALE,g.11 <- g.352
-88.0,27989,Betelgeuse,0.84252008,SALTO_STAGIONALE,g.333 <- g.303
-88.0,49669,Regulus,1.32425227,SALTO_STAGIONALE,g.11 <- g.360
-88.0,67301,Alkaid,1.93931043,DIVENTA_CIRCUMPOLARE,
-88.0,72105,Izar,2.42507832,DIVENTA_CIRCUMPOLARE,
-88.0,36188,Gomeisa,2.80437802,SALTO_STAGIONALE,g.9 <- g.349
-88.0,63608,Vindemiatrix,2.92469461,SALTO_STAGIONALE,g.13 <- g.366
-88.0,71075,Seginus,3.30619241,DIVENTA_CIRCUMPOLARE,
-88.0,54879,Chertan,3.30692933,SALTO_STAGIONALE,g.2 <- g.352
-88.0,40526,Tarf,3.4836816,SALTO_STAGIONALE,g.17 <- g.360
-88.0,93805,HIP 93805,3.4922773,CESSA_CIRCUMPOLARE,
-88.0,49583,HIP 49583,3.51767716,SALTO_STAGIONALE,g.4 <- g.352
-88.0,112724,HIP 112724,3.58947085,CESSA_CIRCUMPOLARE,
-88.0,71053,Kalasungsang,3.63950269,DIVENTA_CIRCUMPOLARE,
-88.0,77233,Zhou,3.666816,DIVENTA_CIRCUMPOLARE,
-88.0,22797,HIP 22797,3.69253718,SALTO_STAGIONALE,g.319 <- g.286
-88.0,116584,Udkadua,3.82020875,CESSA_CIRCUMPOLARE,
-88.0,41307,HIP 41307,3.84782868,SALTO_STAGIONALE,g.83 <- g.277
-88.0,80883,Marfik,3.87667052,DIVENTA_CIRCUMPOLARE,
-88.0,109176,HIP 109176,3.89677869,CESSA_CIRCUMPOLARE,
-89.0,32349,Sirius,-0.71070836,SALTO_STAGIONALE,g.352 <- g.321
-89.0,46390,Alphard,1.99332067,SALTO_STAGIONALE,g.84 <- g.288
-89.0,76267,Alphecca,2.21110619,DIVENTA_CIRCUMPOLARE,
-89.0,77070,Unukalhai,2.5793085,SALTO_STAGIONALE,g.1 <- g.359
-89.0,86742,Cebalrai,2.8683641,DIVENTA_CIRCUMPOLARE,
-89.0,112158,Matar,2.93366197,CESSA_CIRCUMPOLARE,
-89.0,43813,HIP 43813,3.01091579,SALTO_STAGIONALE,g.22 <- g.365
-89.0,43109,Ashlesha,3.1995379,SALTO_STAGIONALE,g.14 <- g.357
-89.0,99473,Antinous,3.31558193,SALTO_STAGIONALE,g.104 <- g.73
-89.0,47508,Subra,3.3889763,SALTO_STAGIONALE,g.5 <- g.350
-89.0,112748,Sadalbari,3.41537072,CESSA_CIRCUMPOLARE,
-89.0,93805,HIP 93805,3.49297715,DIVENTA_CIRCUMPOLARE,
-89.0,74666,Qigong,3.55716276,DIVENTA_CIRCUMPOLARE,
-89.0,57757,Zavijava,3.64127252,SALTO_STAGIONALE,g.16 <- g.362
-89.0,113726,Alfarasalkamil,3.64625068,CESSA_CIRCUMPOLARE,
-89.0,68756,Thuban,3.69031662,DIVENTA_CIRCUMPOLARE,
-89.0,116727,Errai,3.75532764,CESSA_CIRCUMPOLARE,
-89.0,51624,Shaomin,3.85982122,SALTO_STAGIONALE,g.14 <- g.360
-89.0,45336,HIP 45336,3.96325445,SALTO_STAGIONALE,g.5 <- g.347
-90.0,11767,Polaris,2.01708742,CESSA_CIRCUMPOLARE,
-90.0,107315,Enif,2.09512619,CESSA_CIRCUMPOLARE,
-90.0,3179,Schedar,2.23692815,CESSA_CIRCUMPOLARE,
-90.0,113881,Scheat,2.50213304,CESSA_CIRCUMPOLARE,
-90.0,6686,Ruchbah,2.65383022,CESSA_CIRCUMPOLARE,
-90.0,52943,HIP 52943,3.13019382,SALTO_STAGIONALE,g.103 <- g.261
-90.0,63090,Minelauva,3.49004994,SALTO_STAGIONALE,g.7 <- g.358
-90.0,73555,Nekkar,3.56823153,DIVENTA_CIRCUMPOLARE,
-90.0,75695,Nusakan,3.79180133,DIVENTA_CIRCUMPOLARE,
-90.0,83000,HIP 83000,3.79384302,DIVENTA_CIRCUMPOLARE,
-90.0,72220,Maenalus,3.79857376,SALTO_STAGIONALE,g.13 <- g.365
-90.0,77622,HIP 77622,3.80178232,SALTO_STAGIONALE,g.7 <- g.362
-90.0,87108,Bake-eo,3.83116974,DIVENTA_CIRCUMPOLARE,
-90.0,71957,HIP 71957,3.8798711,SALTO_STAGIONALE,g.14 <- g.366
-90.0,76952,Baltesha,3.89466112,DIVENTA_CIRCUMPOLARE,
-90.0,80170,HIP 80170,3.90420289,DIVENTA_CIRCUMPOLARE,
-90.0,88192,HIP 88192,3.96133494,DIVENTA_CIRCUMPOLARE,
-90.0,78072,HIP 78072,4.07847521,DIVENTA_CIRCUMPOLARE,
-91.0,97649,Altair,1.66493897,DIVENTA_CIRCUMPOLARE,
-91.0,677,Alpheratz,2.16207146,CESSA_CIRCUMPOLARE,
-91.0,4427,Tiansi,2.30846844,CESSA_CIRCUMPOLARE,
-91.0,79593,Yed Prior,2.82058547,SALTO_STAGIONALE,g.3 <- g.357
-91.0,80816,Kornephoros,2.89587621,DIVENTA_CIRCUMPOLARE,
-91.0,61941,Porrima,3.1117761,SALTO_STAGIONALE,g.16 <- g.365
-91.0,66249,Heze,3.4446028,SALTO_STAGIONALE,g.12 <- g.362
-91.0,56343,HIP 56343,3.57444843,SALTO_STAGIONALE,g.103 <- g.254
-91.0,109427,Biham,3.592651,SALTO_STAGIONALE,g.102 <- g.69
-91.0,84345,Rasalgethi,3.64032598,DIVENTA_CIRCUMPOLARE,
-91.0,2920,Fulu,3.66788353,CESSA_CIRCUMPOLARE,
-91.0,51069,HIP 51069,3.71141297,SALTO_STAGIONALE,g.86 <- g.270
-91.0,95501,HIP 95501,3.7386957,DIVENTA_CIRCUMPOLARE,
-91.0,60129,Zaniah,3.88146747,SALTO_STAGIONALE,g.11 <- g.358
-91.0,88771,HIP 88771,3.89434923,DIVENTA_CIRCUMPOLARE,
-92.0,65474,Spica,0.97388986,SALTO_STAGIONALE,g.13 <- g.362
-92.0,86032,Rasalhague,1.91195076,DIVENTA_CIRCUMPOLARE,
-92.0,5447,Mirach,2.0567459,CESSA_CIRCUMPOLARE,
-92.0,113963,Markab,2.49939873,CESSA_CIRCUMPOLARE,
-92.0,79882,Yed Posterior,3.30048535,SALTO_STAGIONALE,g.13 <- g.365
-92.0,3092,HIP 3092,3.32094615,CESSA_CIRCUMPOLARE,
-92.0,8886,Segin,3.38008109,CESSA_CIRCUMPOLARE,
-92.0,112029,Homam,3.3846273,CESSA_CIRCUMPOLARE,
-92.0,49841,HIP 49841,3.50398074,SALTO_STAGIONALE,g.54 <- g.310
-92.0,7607,Nembus,3.51090219,CESSA_CIRCUMPOLARE,
-92.0,77516,HIP 77516,3.58174614,SALTO_STAGIONALE,g.4 <- g.356
-92.0,55282,HIP 55282,3.58982975,SALTO_STAGIONALE,g.84 <- g.273
-92.0,4436,HIP 4436,3.82669833,CESSA_CIRCUMPOLARE,
-92.0,81693,Tianji,3.8918268,DIVENTA_CIRCUMPOLARE,
-92.0,9598,Gang,4.02585204,CESSA_CIRCUMPOLARE,
-93.0,97278,Tarazed,2.71971145,DIVENTA_CIRCUMPOLARE,
-93.0,74785,Zubeneschamali,2.74310973,SALTO_STAGIONALE,g.3 <- g.353
-93.0,60965,Algorab,2.88695971,SALTO_STAGIONALE,g.14 <- g.359
-93.0,59316,HIP 59316,2.99124822,SALTO_STAGIONALE,g.71 <- g.290
-93.0,75458,Edasich,3.36328552,DIVENTA_CIRCUMPOLARE,
-93.0,81833,HIP 81833,3.44521358,DIVENTA_CIRCUMPOLARE,
-93.0,84379,Sarin,3.45903967,DIVENTA_CIRCUMPOLARE,
-93.0,79992,Asuusiha,3.92892949,DIVENTA_CIRCUMPOLARE,
-93.0,83207,Khepdenreret,4.01784023,DIVENTA_CIRCUMPOLARE,
-93.0,8068,Dajiangjunbei,4.06127313,CESSA_CIRCUMPOLARE,
-94.0,107315,Enif,2.09492119,DIVENTA_CIRCUMPOLARE,
-94.0,9640,Almach,2.28122885,CESSA_CIRCUMPOLARE,
-94.0,81377,HIP 81377,2.58533692,SALTO_STAGIONALE,g.2 <- g.352
-94.0,59803,Gienah,2.60483587,SALTO_STAGIONALE,g.23 <- g.363
-94.0,61359,Kraz,2.68132753,SALTO_STAGIONALE,g.49 <- g.321
-94.0,72622,Zubenelgenubi,2.84027886,SALTO_STAGIONALE,g.3 <- g.350
-94.0,14328,HIP 14328,2.9225239,CESSA_CIRCUMPOLARE,
-94.0,93747,Okab,3.18259006,DIVENTA_CIRCUMPOLARE,
-94.0,84380,Nuchuang,3.21101975,DIVENTA_CIRCUMPOLARE,
-94.0,88048,HIP 88048,3.27397118,SALTO_STAGIONALE,g.4 <- g.357
-94.0,89962,HIP 89962,3.34068823,DIVENTA_CIRCUMPOLARE,
-94.0,112029,Homam,3.38420103,DIVENTA_CIRCUMPOLARE,
-94.0,93805,HIP 93805,3.4964787,SALTO_STAGIONALE,g.6 <- g.361
-94.0,14668,Misam,3.62929281,CESSA_CIRCUMPOLARE,
-94.0,87933,HIP 87933,3.7082651,DIVENTA_CIRCUMPOLARE,
-94.0,13268,Miram,3.76801064,CESSA_CIRCUMPOLARE,
-94.0,88794,HIP 88794,3.89002949,DIVENTA_CIRCUMPOLARE,
-94.0,101421,Aldulfin,4.06849011,DIVENTA_CIRCUMPOLARE,
-94.0,98036,Alshain,4.29885914,DIVENTA_CIRCUMPOLARE,
-95.0,24608,Capella,-0.40949746,CESSA_CIRCUMPOLARE,
-95.0,91262,Vega,0.41253524,DIVENTA_CIRCUMPOLARE,
-95.0,15863,Mirfak,1.79848813,CESSA_CIRCUMPOLARE,
-95.0,68933,Menkent,2.16343052,SALTO_STAGIONALE,g.8 <- g.353
-95.0,78401,Dschubba,2.32631262,SALTO_STAGIONALE,g.12 <- g.360
-95.0,84012,Sabik,2.45169623,SALTO_STAGIONALE,g.12 <- g.361
-95.0,113963,Markab,2.49983235,DIVENTA_CIRCUMPOLARE,
-95.0,78820,Acrab,2.56288274,SALTO_STAGIONALE,g.6 <- g.354
-95.0,59803,Gienah,2.60515447,SALTO_STAGIONALE,g.363 <- g.332
-95.0,65109,Kulou,2.77815708,SALTO_STAGIONALE,g.71 <- g.290
-95.0,10064,Alaybasan,2.95445845,CESSA_CIRCUMPOLARE,
-95.0,64962,Naga,3.02203155,SALTO_STAGIONALE,g.18 <- g.356
-95.0,68895,HIP 68895,3.08221926,SALTO_STAGIONALE,g.15 <- g.356
-95.0,99473,Antinous,3.32061822,SALTO_STAGIONALE,g.9 <- g.363
-95.0,49841,HIP 49841,3.50088067,SALTO_STAGIONALE,g.310 <- g.280
-95.0,98337,HIP 98337,3.56272329,DIVENTA_CIRCUMPOLARE,
-95.0,8796,Mothallah,3.59987482,CESSA_CIRCUMPOLARE,
-95.0,14354,HIP 14354,3.71171774,CESSA_CIRCUMPOLARE,
-95.0,97365,HIP 97365,3.7767967,DIVENTA_CIRCUMPOLARE,
-95.0,101958,Sualocin,3.78247409,DIVENTA_CIRCUMPOLARE,
-95.0,101769,Rotanev,3.79598842,DIVENTA_CIRCUMPOLARE,
-95.0,86263,HIP 86263,3.84163132,SALTO_STAGIONALE,g.12 <- g.362
-95.0,78933,HIP 78933,3.96189014,SALTO_STAGIONALE,g.16 <- g.362
-96.0,80763,Antares,1.02401064,SALTO_STAGIONALE,g.7 <- g.354
-96.0,14576,Algol,2.27819629,CESSA_CIRCUMPOLARE,
-96.0,102488,Aljanah,2.65251456,DIVENTA_CIRCUMPOLARE,
-96.0,80112,Alniyat,2.90919465,SALTO_STAGIONALE,g.12 <- g.358
-96.0,78265,Fang,2.91251149,SALTO_STAGIONALE,g.10 <- g.355
-96.0,17358,Sarvvis,3.00490003,CESSA_CIRCUMPOLARE,
-96.0,64962,Naga,3.02236493,SALTO_STAGIONALE,g.356 <- g.324
-96.0,95947,Albireo,3.12644876,DIVENTA_CIRCUMPOLARE,
-96.0,93194,Sulafat,3.2680284,DIVENTA_CIRCUMPOLARE,
-96.0,73714,Brachium,3.30645118,SALTO_STAGIONALE,g.2 <- g.346
-96.0,75458,Edasich,3.36553197,CESSA_CIRCUMPOLARE,
-96.0,28358,Bagu,3.68053468,CESSA_CIRCUMPOLARE,
-96.0,68756,Thuban,3.6929139,CESSA_CIRCUMPOLARE,
-96.0,92420,Sheliak,3.82296829,DIVENTA_CIRCUMPOLARE,
-96.0,56211,Giausar,3.83291983,CESSA_CIRCUMPOLARE,
-96.0,61281,HIP 61281,3.88017309,CESSA_CIRCUMPOLARE,
-96.0,19343,HIP 19343,4.03326097,CESSA_CIRCUMPOLARE,
-97.0,82396,Larawag,2.42202822,SALTO_STAGIONALE,g.14 <- g.362
-97.0,113881,Scheat,2.50174921,DIVENTA_CIRCUMPOLARE,
-97.0,61359,Kraz,2.68238408,SALTO_STAGIONALE,g.321 <- g.288
-97.0,89937,HIP 89937,2.68744402,CESSA_CIRCUMPOLARE,
-97.0,81266,Paikauhale,2.81912789,SALTO_STAGIONALE,g.3 <- g.348
-97.0,88635,Alnasl,2.83482386,SALTO_STAGIONALE,g.13 <- g.360
-97.0,94141,Albaldah,2.91374074,SALTO_STAGIONALE,g.18 <- g.366
-97.0,90496,Kaus Borealis,3.20401684,SALTO_STAGIONALE,g.11 <- g.359
-97.0,84970,HIP 84970,3.27244304,SALTO_STAGIONALE,g.3 <- g.349
-97.0,41704,Muscida,3.29839149,CESSA_CIRCUMPOLARE,
-97.0,112748,Sadalbari,3.40893045,DIVENTA_CIRCUMPOLARE,
-97.0,93085,HIP 93085,3.55079968,SALTO_STAGIONALE,g.18 <- g.366
-97.0,109427,Biham,3.59841987,SALTO_STAGIONALE,g.7 <- g.362
-97.0,93683,HIP 93683,3.62955907,SALTO_STAGIONALE,g.16 <- g.364
-97.0,76600,HIP 76600,3.64500956,SALTO_STAGIONALE,g.5 <- g.347
-97.0,76470,HIP 76470,3.67947204,SALTO_STAGIONALE,g.2 <- g.344
-97.0,17529,HIP 17529,3.79121972,CESSA_CIRCUMPOLARE,
-97.0,89341,Polis,3.8201188,SALTO_STAGIONALE,g.8 <- g.356
-97.0,78104,Iklil,3.87985615,SALTO_STAGIONALE,g.6 <- g.348
-97.0,109176,HIP 109176,3.91099927,DIVENTA_CIRCUMPOLARE,
-97.0,77634,HIP 77634,3.93892296,SALTO_STAGIONALE,g.24 <- g.366
-97.0,104887,HIP 104887,4.00347611,DIVENTA_CIRCUMPOLARE,
-98.0,54061,Dubhe,1.85649165,CESSA_CIRCUMPOLARE,
-98.0,90185,Kaus Australis,1.91456239,SALTO_STAGIONALE,g.17 <- g.363
-98.0,92855,Nunki,2.10209054,SALTO_STAGIONALE,g.6 <- g.353
-98.0,89931,Kaus Media,2.73503311,SALTO_STAGIONALE,g.11 <- g.356
-98.0,18532,Aldu,2.88726672,CESSA_CIRCUMPOLARE,
-98.0,112158,Matar,2.93225655,DIVENTA_CIRCUMPOLARE,
-98.0,93864,HIP 93864,3.03429716,SALTO_STAGIONALE,g.2 <- g.350
-98.0,92041,HIP 92041,3.10662052,SALTO_STAGIONALE,g.12 <- g.358
-98.0,100345,Dabih,3.1156247,SALTO_STAGIONALE,g.12 <- g.361
-98.0,104732,HIP 104732,3.12060508,DIVENTA_CIRCUMPOLARE,
-98.0,112029,Homam,3.38335214,SALTO_STAGIONALE,g.3 <- g.358
-98.0,100064,Algedi,3.56630609,SALTO_STAGIONALE,g.6 <- g.356
-98.0,48319,HIP 48319,3.61198138,CESSA_CIRCUMPOLARE,
-98.0,75177,HIP 75177,3.63656369,SALTO_STAGIONALE,g.6 <- g.341
-98.0,46733,HIP 46733,3.71596946,CESSA_CIRCUMPOLARE,
-98.0,86414,HIP 86414,3.82876417,DIVENTA_CIRCUMPOLARE,
-98.0,102618,Albali,3.83060496,SALTO_STAGIONALE,g.11 <- g.360
-98.0,95168,HIP 95168,3.91462909,SALTO_STAGIONALE,g.6 <- g.354
-99.0,85927,Shaula,1.62410379,SALTO_STAGIONALE,g.3 <- g.345
-99.0,62956,Alioth,1.84693021,CESSA_CIRCUMPOLARE,
-99.0,65378,Mizar,2.11378257,CESSA_CIRCUMPOLARE,
-99.0,677,Alpheratz,2.17039283,DIVENTA_CIRCUMPOLARE,
-99.0,100453,Sadr,2.21099404,DIVENTA_CIRCUMPOLARE,
-99.0,93506,Ascella,2.40956686,SALTO_STAGIONALE,g.9 <- g.354
-99.0,86670,HIP 86670,2.42826943,SALTO_STAGIONALE,g.19 <- g.361
-99.0,53910,Merak,2.4682575,CESSA_CIRCUMPOLARE,
-99.0,85696,Lesath,2.68605925,SALTO_STAGIONALE,g.8 <- g.348
-99.0,18532,Aldu,2.88726155,DIVENTA_CIRCUMPOLARE,
-99.0,106278,Sadalsuud,2.89011981,SALTO_STAGIONALE,g.3 <- g.354
-99.0,109074,Sadalmelik,2.93611841,SALTO_STAGIONALE,g.7 <- g.358
-99.0,10064,Alaybasan,2.95265438,DIVENTA_CIRCUMPOLARE,
-99.0,107556,Deneb Algedi,3.00387772,SALTO_STAGIONALE,g.6 <- g.356
-99.0,23416,Almaaz,3.06055654,CESSA_CIRCUMPOLARE,
-99.0,87261,Fuyue,3.06101234,SALTO_STAGIONALE,g.17 <- g.358
-99.0,89642,HIP 89642,3.08800809,SALTO_STAGIONALE,g.8 <- g.352
-99.0,82514,Xamidimura,3.09059328,SALTO_STAGIONALE,g.8 <- g.345
-99.0,23767,Haedus,3.14839634,SALTO_STAGIONALE,g.100 <- g.66
-99.0,46853,HIP 46853,3.2506881,CESSA_CIRCUMPOLARE,
-99.0,3092,HIP 3092,3.32503072,DIVENTA_CIRCUMPOLARE,
-99.0,2021,HIP 2021,3.37912088,SALTO_STAGIONALE,g.10 <- g.351
-99.0,78384,HIP 78384,3.40712149,SALTO_STAGIONALE,g.5 <- g.335
-99.0,59774,Megrez,3.424834,CESSA_CIRCUMPOLARE,
-99.0,110960,HIP 110960,3.45830294,SALTO_STAGIONALE,g.14 <- g.364
-99.0,82545,Pipirima,3.55839199,SALTO_STAGIONALE,g.10 <- g.346
-99.0,84143,HIP 84143,3.59346349,SALTO_STAGIONALE,g.5 <- g.343
-99.0,8796,Mothallah,3.60757081,DIVENTA_CIRCUMPOLARE,
-99.0,75177,HIP 75177,3.63737141,SALTO_STAGIONALE,g.341 <- g.311
-99.0,82729,HIP 82729,3.73347983,SALTO_STAGIONALE,g.7 <- g.345
-99.0,114971,HIP 114971,3.90312275,SALTO_STAGIONALE,g.1 <- g.353
-99.0,92862,HIP 92862,4.69700146,DIVENTA_CIRCUMPOLARE,
